CHR,LOC_NUM,GWAS,GENE
chr1,1,META6,MIR761
chr1,1,META6,KTI12
chr1,1,META6,CZIB
chr1,1,META6,LOC100507564
chr1,1,META6,SLC25A3P1
chr1,1,META6,NRDC
chr1,1,META6,RAB3B
chr1,1,META6,TXNDC12-AS1
chr1,1,META6,BTF3L4
chr1,1,META6,CC2D1B
chr1,1,META6,ORC1
chr1,1,META6,PRPF38A
chr1,1,META6,SHISAL2A
chr1,1,META6,GPX7
chr1,1,META6,ZYG11A
chr1,1,META6,ECHDC2
chr1,1,META6,SCP2
chr1,1,META6,SLC1A7
chr1,1,META6,CPT2
chr1,1,META6,LINC01771
chr1,1,META6,LRP8
chr1,1,META6,MAGOH
chr1,1,META6,DMRTB1
chr1,1,META6,OSBPL9
chr1,1,META6,TXNDC12
chr1,1,META6,ZFYVE9
chr1,1,META6,PODN
chr1,1,META6,COA7
chr1,1,META6,ZYG11B
chr1,1,META6,GLIS1
chr1,1,META6,TUT4
chr1,2,META6,CHIAP2
chr1,2,META6,PIFO
chr1,2,META6,PGBP
chr1,2,META6,ADORA3
chr1,2,META6,LOC107985184
chr1,2,META6,INKA2-AS1
chr1,2,META6,DDX20
chr1,2,META6,KCND3-IT1
chr1,2,META6,KCND3-AS1
chr1,2,META6,LINC01750
chr1,2,META6,MIR4256
chr1,2,META6,PPM1J
chr1,2,META6,MIR11399
chr1,2,META6,AKR7A2P1
chr1,2,META6,SLC16A1-AS1
chr1,2,META6,DRAM2
chr1,2,META6,CHI3L2
chr1,2,META6,DENND2D
chr1,2,META6,CHIA
chr1,2,META6,WDR77
chr1,2,META6,C1orf162
chr1,2,META6,OVGP1
chr1,2,META6,TMIGD3
chr1,2,META6,ATP5PB
chr1,2,META6,LINC01160
chr1,2,META6,INKA2
chr1,2,META6,LOC101928718
chr1,2,META6,WNT2B
chr1,2,META6,MOV10
chr1,2,META6,CAPZA1
chr1,2,META6,RHOC
chr1,2,META6,LINC01356
chr1,2,META6,SLC16A1
chr1,2,META6,LRIG2-DT
chr1,2,META6,KCND3
chr1,2,META6,RAP1A
chr1,2,META6,ST7L
chr1,2,META6,LRIG2
chr1,2,META6,CTTNBP2NL
chr1,2,META6,TAFA3
chr1,2,META6,CEPT1
chr1,3,META6,SNORA58B
chr1,3,META6,HAX1
chr1,3,META6,AQP10
chr1,3,META6,UBE2Q1-AS1
chr1,3,META6,CHRNB2
chr1,3,META6,PBXIP1
chr1,3,META6,SHC1
chr1,3,META6,MIR4258
chr1,3,META6,LOC101928120
chr1,3,META6,FLAD1
chr1,3,META6,LENEP
chr1,3,META6,DCST1-AS1
chr1,3,META6,EFNA4
chr1,3,META6,EFNA3
chr1,3,META6,SLC50A1
chr1,3,META6,EFNA1
chr1,3,META6,TRIM46
chr1,3,META6,MIR92B
chr1,3,META6,MTX1
chr1,3,META6,SCAMP3
chr1,3,META6,PKLR
chr1,3,META6,RUSC1
chr1,3,META6,MIR555
chr1,3,META6,POU5F1P4
chr1,3,META6,ASH1L-AS1
chr1,3,META6,MSTO1
chr1,3,META6,MSTO2P
chr1,3,META6,SCARNA26A
chr1,3,META6,SCARNA26B
chr1,3,META6,SCARNA4
chr1,3,META6,SNORA80E
chr1,3,META6,MIR6738
chr1,3,META6,SSR2
chr1,3,META6,RAB25
chr1,3,META6,LMNA
chr1,3,META6,UBAP2L
chr1,3,META6,ATP8B2
chr1,3,META6,IL6R
chr1,3,META6,SHE
chr1,3,META6,ADAR
chr1,3,META6,UBE2Q1
chr1,3,META6,CKS1B
chr1,3,META6,ZBTB7B
chr1,3,META6,DCST1
chr1,3,META6,PYGO2
chr1,3,META6,DCST2
chr1,3,META6,KRTCAP2
chr1,3,META6,DPM3
chr1,3,META6,HCN3
chr1,3,META6,THBS3
chr1,3,META6,CLK2
chr1,3,META6,FAM189B
chr1,3,META6,GBA
chr1,3,META6,GBAP1
chr1,3,META6,YY1AP1
chr1,3,META6,RIT1
chr1,3,META6,KHDC4
chr1,3,META6,RXFP4
chr1,3,META6,SYT11
chr1,3,META6,LAMTOR2
chr1,3,META6,MEX3A
chr1,3,META6,UBQLN4
chr1,3,META6,SEMA4A
chr1,3,META6,SLC25A44
chr1,3,META6,KCNN3
chr1,3,META6,IL6R-AS1
chr1,3,META6,ADAM15
chr1,3,META6,PMVK
chr1,3,META6,TDRD10
chr1,3,META6,GON4L
chr1,3,META6,FDPS
chr1,3,META6,DAP3
chr1,3,META6,ARHGEF2
chr1,3,META6,ASH1L
chr1,3,META6,RUSC1-AS1
chr1,3,META6,MUC1
chr1,3,META6,PMF1
chr1,3,META6,PMF1-BGLAP
chr1,4,META6,PIGM
chr1,4,META6,IGSF8
chr1,4,META6,CASQ1
chr1,4,META6,PEA15
chr1,4,META6,LOC100287049
chr1,4,META6,NHLH1
chr1,4,META6,LY9
chr1,4,META6,ITLN1
chr1,4,META6,ITLN2
chr1,4,META6,USF1
chr1,4,META6,KLHDC9
chr1,4,META6,DEDD
chr1,4,META6,USP21
chr1,4,META6,UFC1
chr1,4,META6,B4GALT3
chr1,4,META6,ADAMTS4
chr1,4,META6,NDUFS2
chr1,4,META6,MIR5187
chr1,4,META6,TOMM40L
chr1,4,META6,APOA2
chr1,4,META6,MPZ
chr1,4,META6,HSPA6
chr1,4,META6,HSPA7
chr1,4,META6,RPL31P11
chr1,4,META6,DUSP12
chr1,4,META6,ATP1A2
chr1,4,META6,KCNJ9
chr1,4,META6,ATP1A4
chr1,4,META6,LOC729867
chr1,4,META6,DCAF8
chr1,4,META6,PEX19
chr1,4,META6,NCSTN
chr1,4,META6,VANGL2
chr1,4,META6,SUMO1P3
chr1,4,META6,SLAMF6
chr1,4,META6,SLAMF1
chr1,4,META6,SLAMF7
chr1,4,META6,LOC101928372
chr1,4,META6,CD244
chr1,4,META6,TSTD1
chr1,4,META6,F11R
chr1,4,META6,ARHGAP30
chr1,4,META6,NIT1
chr1,4,META6,PPOX
chr1,4,META6,LOC112543491
chr1,4,META6,PFDN2
chr1,4,META6,NR1I3
chr1,4,META6,PCP4L1
chr1,4,META6,CFAP126
chr1,4,META6,FCGR3A
chr1,4,META6,FCGR2A
chr1,4,META6,FCGR2C
chr1,4,META6,FCGR2B
chr1,4,META6,FCRLA
chr1,4,META6,FCGR3B
chr1,4,META6,FCRLB
chr1,4,META6,KCNJ10
chr1,4,META6,COPA
chr1,4,META6,SDHC
chr1,4,META6,CD84
chr1,4,META6,CD48
chr1,4,META6,FCER1G
chr1,4,META6,NECTIN4
chr1,4,META6,OLFML2B
chr1,4,META6,ATF6
chr1,5,META6,NHLH1
chr1,5,META6,LY9
chr1,5,META6,ITLN1
chr1,5,META6,ITLN2
chr1,5,META6,USF1
chr1,5,META6,KLHDC9
chr1,5,META6,DEDD
chr1,5,META6,USP21
chr1,5,META6,UFC1
chr1,5,META6,B4GALT3
chr1,5,META6,ADAMTS4
chr1,5,META6,NDUFS2
chr1,5,META6,MIR5187
chr1,5,META6,TOMM40L
chr1,5,META6,APOA2
chr1,5,META6,MPZ
chr1,5,META6,HSPA6
chr1,5,META6,HSPA7
chr1,5,META6,RPL31P11
chr1,5,META6,DUSP12
chr1,5,META6,MIR4654
chr1,5,META6,NCSTN
chr1,5,META6,VANGL2
chr1,5,META6,SLAMF6
chr1,5,META6,SLAMF1
chr1,5,META6,SLAMF7
chr1,5,META6,LOC101928372
chr1,5,META6,CD244
chr1,5,META6,TSTD1
chr1,5,META6,F11R
chr1,5,META6,ARHGAP30
chr1,5,META6,NIT1
chr1,5,META6,PPOX
chr1,5,META6,LOC112543491
chr1,5,META6,PFDN2
chr1,5,META6,NR1I3
chr1,5,META6,PCP4L1
chr1,5,META6,CFAP126
chr1,5,META6,FCGR3A
chr1,5,META6,FCGR2A
chr1,5,META6,FCGR2C
chr1,5,META6,FCGR2B
chr1,5,META6,FCRLA
chr1,5,META6,FCGR3B
chr1,5,META6,FCRLB
chr1,5,META6,COPA
chr1,5,META6,SDHC
chr1,5,META6,CD84
chr1,5,META6,CD48
chr1,5,META6,FCER1G
chr1,5,META6,NECTIN4
chr1,5,META6,OLFML2B
chr1,5,META6,NOS1AP
chr1,5,META6,ATF6
chr1,5,META6,MIR556
chr1,5,META6,SPATA46
chr1,5,META6,C1orf226
chr1,5,META6,SH2D1B
chr1,6,META6,MIR1295A
chr1,6,META6,MIR1295B
chr1,6,META6,TOP1P1
chr1,6,META6,DNM3-IT1
chr1,6,META6,DNM3OS
chr1,6,META6,MIR214
chr1,6,META6,MIR3120
chr1,6,META6,MIR199A2
chr1,6,META6,FASLG
chr1,6,META6,MROH9
chr1,6,META6,FMO6P
chr1,6,META6,FMO3
chr1,6,META6,FMO2
chr1,6,META6,FMO1
chr1,6,META6,FMO4
chr1,6,META6,MYOC
chr1,6,META6,MYOCOS
chr1,6,META6,EEF1AKNMT
chr1,6,META6,PIGC
chr1,6,META6,C1orf105
chr1,6,META6,SUCO
chr1,6,META6,PRRC2C
chr1,6,META6,VAMP4
chr1,6,META6,DNM3
chr1,7,META6,TMEM81
chr1,7,META6,MIR135B
chr1,7,META6,LEMD1-DT
chr1,7,META6,MFSD4A-AS1
chr1,7,META6,ELK4
chr1,7,META6,RAB29
chr1,7,META6,LOC284581
chr1,7,META6,LOC103021295
chr1,7,META6,MIR6769B
chr1,7,META6,IL10
chr1,7,META6,NFASC
chr1,7,META6,RBBP5
chr1,7,META6,CNTN2
chr1,7,META6,DSTYK
chr1,7,META6,LEMD1-AS1
chr1,7,META6,KLHDC8A
chr1,7,META6,NUAK2
chr1,7,META6,BLACAT1
chr1,7,META6,MFSD4A
chr1,7,META6,NUCKS1
chr1,7,META6,SLC45A3
chr1,7,META6,PM20D1
chr1,7,META6,SLC41A1
chr1,7,META6,SLC26A9-AS1
chr1,7,META6,CTSE
chr1,7,META6,RAB7B
chr1,7,META6,RHEX
chr1,7,META6,AVPR1B
chr1,7,META6,FAM72A
chr1,7,META6,IKBKE
chr1,7,META6,EIF2D
chr1,7,META6,DYRK3
chr1,7,META6,TMCC2
chr1,7,META6,LEMD1
chr1,7,META6,SRGAP2
chr1,7,META6,SLC26A9
chr1,7,META6,MAPKAPK2
chr1,7,META6,RASSF5
chr1,7,META6,CDK18
chr1,8,META6,LEFTY1
chr1,8,META6,MIR6741
chr1,8,META6,PYCR2
chr1,8,META6,LEFTY2
chr1,8,META6,LINC01703
chr1,8,META6,MIXL1
chr1,8,META6,ZNF847P
chr1,8,META6,JMJD4
chr1,8,META6,SRP9
chr1,8,META6,TMEM63A
chr1,8,META6,H3-3A
chr1,8,META6,SDE2
chr1,8,META6,H3P6
chr1,8,META6,ACBD3-AS1
chr1,8,META6,ACBD3
chr1,8,META6,LIN9
chr1,8,META6,STUM
chr1,8,META6,ITPKB-IT1
chr1,8,META6,ITPKB
chr1,8,META6,COQ8A
chr1,8,META6,ZNF678
chr1,8,META6,SNAP47
chr1,8,META6,EPHX1
chr1,8,META6,PARP1
chr1,8,META6,CDC42BPA
chr1,8,META6,PSEN2
chr1,9,META6,MAP10
chr1,9,META6,PCNX2
chr1,9,META6,TSNAX
chr1,9,META6,DISC1
chr1,9,META6,DISC2
chr1,9,META6,DISC1-IT1
chr1,9,META6,LINC01745
chr1,9,META6,LINC01744
chr1,9,META6,NTPCR
chr1,9,META6,MAP3K21
chr1,9,META6,TSNAX-DISC1
chr1,9,META6,LINC00582
chr1,9,META6,SIPA1L2
chr1,10,META6,MIR4677
chr1,10,META6,LINC01347
chr1,10,META6,C1orf100
chr1,10,META6,CEP170
chr1,10,META6,LINC02774
chr1,10,META6,AKT3
chr1,10,META6,ZBTB18
chr1,10,META6,CATSPERE
chr1,10,META6,ADSS2
chr1,10,META6,SDCCAG8
chr2,11,META6,MSGN1
chr2,11,META6,RDH14
chr2,11,META6,RAD51AP2
chr2,11,META6,GEN1
chr2,11,META6,KCNS3
chr2,11,META6,NT5C1B-RDH14
chr2,11,META6,NT5C1B
chr2,11,META6,VSNL1
chr2,11,META6,SMC6
chr2,12,META6,TP53I3
chr2,12,META6,FKBP1B
chr2,12,META6,SF3B6
chr2,12,META6,WDCP
chr2,12,META6,MFSD2B
chr2,12,META6,FAM228B
chr2,12,META6,FAM228A
chr2,12,META6,ATAD2B
chr2,12,META6,KLHL29
chr2,12,META6,UBXN2A
chr2,12,META6,ITSN2
chr2,12,META6,NCOA1
chr2,12,META6,PFN4
chr2,13,META6,MIR558
chr2,13,META6,EHD3
chr2,13,META6,XDH
chr2,13,META6,SRD5A2
chr2,13,META6,LINC01946
chr2,13,META6,DPY30
chr2,13,META6,SLC30A6
chr2,13,META6,YIPF4
chr2,13,META6,BIRC6-AS2
chr2,13,META6,CAPN14
chr2,13,META6,GALNT14
chr2,13,META6,LCLAT1
chr2,13,META6,CAPN13
chr2,13,META6,NLRC4
chr2,13,META6,SPAST
chr2,13,META6,MEMO1
chr2,13,META6,BIRC6
chr2,14,META6,MIR558
chr2,14,META6,MIR4765
chr2,14,META6,MIR4430
chr2,14,META6,RASGRP3-AS1
chr2,14,META6,LINC01946
chr2,14,META6,DPY30
chr2,14,META6,SLC30A6
chr2,14,META6,YIPF4
chr2,14,META6,BIRC6-AS2
chr2,14,META6,LINC00486
chr2,14,META6,FAM98A
chr2,14,META6,NLRC4
chr2,14,META6,SPAST
chr2,14,META6,MEMO1
chr2,14,META6,TTC27
chr2,14,META6,LTBP1
chr2,14,META6,BIRC6
chr2,14,META6,RASGRP3
chr2,15,META6,LOC339803
chr2,15,META6,C2orf74
chr2,15,META6,SNORA70B
chr2,15,META6,MIR5192
chr2,15,META6,B3GNT2
chr2,15,META6,BCL11A
chr2,15,META6,PAPOLG
chr2,15,META6,REL
chr2,15,META6,LINC01185
chr2,15,META6,PEX13
chr2,15,META6,AHSA2P
chr2,15,META6,XPO1
chr2,15,META6,FAM161A
chr2,15,META6,CCT4
chr2,15,META6,TMEM17
chr2,15,META6,PUS10
chr2,15,META6,KIAA1841
chr2,15,META6,USP34
chr2,15,META6,COMMD1
chr2,16,META6,FBXO48
chr2,16,META6,GKN2
chr2,16,META6,MIR3126
chr2,16,META6,SNORA36C
chr2,16,META6,ASPRV1
chr2,16,META6,PCBP1
chr2,16,META6,LINC01816
chr2,16,META6,MIR1285-2
chr2,16,META6,FAM136A
chr2,16,META6,PROKR1
chr2,16,META6,BMP10
chr2,16,META6,GKN1
chr2,16,META6,NFU1
chr2,16,META6,ANXA4
chr2,16,META6,LOC107985770
chr2,16,META6,SNRNP27
chr2,16,META6,MXD1
chr2,16,META6,TIA1
chr2,16,META6,C2orf42
chr2,16,META6,SNRPG
chr2,16,META6,PCYOX1
chr2,16,META6,ARHGAP25
chr2,16,META6,ANTXR1
chr2,16,META6,APLF
chr2,16,META6,GMCL1
chr2,16,META6,PCBP1-AS1
chr2,16,META6,AAK1
chr2,16,META6,GFPT1
chr2,16,META6,TGFA
chr2,17,META6,FAM95A
chr2,17,META6,TEKT4
chr2,17,META6,TRIM43B
chr2,17,META6,TRIM43
chr2,17,META6,FAHD2CP
chr2,17,META6,ADRA2B
chr2,17,META6,DUSP2
chr2,17,META6,SNORA112
chr2,17,META6,ITPRIPL1
chr2,17,META6,LOC100133920
chr2,17,META6,LOC100509620
chr2,17,META6,MRPS5
chr2,17,META6,ZNF2
chr2,17,META6,FAHD2A
chr2,17,META6,KCNIP3
chr2,17,META6,GPAT2
chr2,17,META6,ASTL
chr2,17,META6,SNRNP200
chr2,17,META6,TMEM127
chr2,17,META6,STARD7-AS1
chr2,17,META6,CIAO1
chr2,17,META6,PROM2
chr2,17,META6,MAL
chr2,17,META6,ZNF514
chr2,17,META6,LOC442028
chr2,17,META6,ANKRD20A8P
chr2,17,META6,ANKRD36C
chr2,17,META6,LINC00342
chr2,17,META6,STARD7
chr2,18,META6,LINC01849
chr2,18,META6,RPL31
chr2,18,META6,SNORD89
chr2,18,META6,MIR5696
chr2,18,META6,LINC01127
chr2,18,META6,LINC01104
chr2,18,META6,LONRF2
chr2,18,META6,NMS
chr2,18,META6,PDCL3
chr2,18,META6,NPAS2-AS1
chr2,18,META6,TBC1D8-AS1
chr2,18,META6,CNOT11
chr2,18,META6,RNF149
chr2,18,META6,CREG2
chr2,18,META6,IL1R2
chr2,18,META6,IL1R1
chr2,18,META6,CHST10
chr2,18,META6,RFX8
chr2,18,META6,TBC1D8
chr2,18,META6,NPAS2
chr2,18,META6,MAP4K4
chr2,19,META6,MIR3679
chr2,19,META6,MIR5590
chr2,19,META6,SNORA40B
chr2,19,META6,MIR128-1
chr2,19,META6,LCT-AS1
chr2,19,META6,CCNT2
chr2,19,META6,LOC107985946
chr2,19,META6,UBXN4
chr2,19,META6,MAP3K19
chr2,19,META6,RAB3GAP1
chr2,19,META6,ACMSD
chr2,19,META6,CCNT2-AS1
chr2,19,META6,MGAT5
chr2,19,META6,TMEM163
chr2,19,META6,LCT
chr2,19,META6,R3HDM1
chr2,19,META6,ZRANB3
chr2,20,META6,ORC4
chr2,20,META6,MBD5
chr2,20,META6,EPC2
chr2,20,META6,ACVR2A
chr2,20,META6,KIF5C
chr2,21,META6,FAM133DP
chr2,21,META6,ERMN
chr2,21,META6,UPP2
chr2,21,META6,CCDC148
chr2,21,META6,DAPL1
chr2,21,META6,ACVR1
chr2,21,META6,ACVR1C
chr2,21,META6,CYTIP
chr2,21,META6,CCDC148-AS1
chr2,21,META6,PKP4
chr2,21,META6,PKP4-AS1
chr2,21,META6,GALNT5
chr2,22,META6,MIR4785
chr2,22,META6,LINC01806
chr2,22,META6,TBR1
chr2,22,META6,AHCTF1P1
chr2,22,META6,LINC02478
chr2,22,META6,TANK
chr2,22,META6,LOC101929512
chr2,22,META6,ITGB6
chr2,22,META6,PLA2R1
chr2,22,META6,PSMD14
chr2,22,META6,SLC4A10
chr2,22,META6,RBMS1
chr2,23,META6,MIR4774
chr2,23,META6,CERS6-AS1
chr2,23,META6,XIRP2-AS1
chr2,23,META6,G6PC2
chr2,23,META6,SPC25
chr2,23,META6,XIRP2
chr2,23,META6,STK39
chr2,23,META6,CERS6
chr2,23,META6,B3GALT1-AS1
chr2,23,META6,LRP2
chr2,23,META6,DHRS9
chr2,23,META6,ABCB11
chr2,23,META6,NOSTRIN
chr2,23,META6,B3GALT1
chr3,24,META6,GRM7-AS2
chr3,24,META6,GRM7-AS3
chr3,24,META6,GRM7-AS1
chr3,24,META6,LOC101927394
chr3,24,META6,GRM7
chr3,25,META6,MIR3714
chr3,25,META6,LOC105376975
chr3,25,META6,TBC1D5
chr3,25,META6,PLCL2
chr3,25,META6,SATB1
chr3,25,META6,SATB1-AS1
chr3,25,META6,LOC339862
chr3,25,META6,KCNH8
chr3,26,META6,LINC01981
chr3,26,META6,EOMES
chr3,26,META6,LINC01980
chr3,26,META6,AZI2
chr3,26,META6,RBMS3-AS3
chr3,26,META6,ZCWPW2
chr3,26,META6,LINC00693
chr3,26,META6,CMC1
chr3,26,META6,RBMS3
chr3,27,META6,GORASP1
chr3,27,META6,MIR6822
chr3,27,META6,CSRNP1
chr3,27,META6,CCR8
chr3,27,META6,RPSA
chr3,27,META6,SNORA6
chr3,27,META6,SNORA62
chr3,27,META6,EIF1B
chr3,27,META6,EXOG
chr3,27,META6,ACVR2B
chr3,27,META6,SCN5A
chr3,27,META6,SCN10A
chr3,27,META6,SCN11A
chr3,27,META6,TTC21A
chr3,27,META6,CX3CR1
chr3,27,META6,SLC25A38
chr3,27,META6,MOBP
chr3,27,META6,RPL14
chr3,27,META6,ZNF619
chr3,27,META6,ENTPD3-AS1
chr3,27,META6,ENTPD3
chr3,27,META6,WDR48
chr3,27,META6,XIRP1
chr3,27,META6,EIF1B-AS1
chr3,27,META6,MYRIP
chr3,28,META6,ARF4-AS1
chr3,28,META6,DENND6A-DT
chr3,28,META6,PDHB
chr3,28,META6,KCTD6
chr3,28,META6,PDE12
chr3,28,META6,ARF4
chr3,28,META6,SLMAP
chr3,28,META6,FLNB-AS1
chr3,28,META6,ABHD6
chr3,28,META6,HTD2
chr3,28,META6,RPP14
chr3,28,META6,PXK
chr3,28,META6,ACOX2
chr3,28,META6,FAM107A
chr3,28,META6,FAM3D
chr3,28,META6,FAM3D-AS1
chr3,28,META6,DNAH12
chr3,28,META6,DNASE1L3
chr3,28,META6,FLNB
chr3,28,META6,CFAP20DC-AS1
chr3,28,META6,CFAP20DC
chr3,28,META6,DENND6A
chr3,29,META6,MIR5682
chr3,29,META6,WDR5B
chr3,29,META6,ARGFX
chr3,29,META6,FBXO40
chr3,29,META6,GOLGB1
chr3,29,META6,IQCB1
chr3,29,META6,EAF2
chr3,29,META6,ILDR1
chr3,29,META6,CD86
chr3,29,META6,CCDC58
chr3,29,META6,CSTA
chr3,29,META6,FAM162A
chr3,29,META6,KPNA1
chr3,29,META6,PARP15
chr3,29,META6,DTX3L
chr3,29,META6,HSPBAP1
chr3,29,META6,STXBP5L
chr3,29,META6,POLQ
chr3,29,META6,PARP9
chr3,29,META6,CASR
chr3,29,META6,SLC15A2
chr3,29,META6,LOC102723582
chr3,29,META6,SLC49A4
chr3,29,META6,HCLS1
chr3,29,META6,PARP14
chr3,30,META6,SERP1
chr3,30,META6,LOC101928105
chr3,30,META6,GPR171
chr3,30,META6,P2RY13
chr3,30,META6,MIR5186
chr3,30,META6,MBNL1-AS1
chr3,30,META6,TMEM14EP
chr3,30,META6,TSC22D2
chr3,30,META6,EIF2A
chr3,30,META6,ERICH6-AS1
chr3,30,META6,ERICH6
chr3,30,META6,SELENOT
chr3,30,META6,SIAH2
chr3,30,META6,CLRN1
chr3,30,META6,MINDY4B
chr3,30,META6,P2RY14
chr3,30,META6,GPR87
chr3,30,META6,P2RY12
chr3,30,META6,IGSF10
chr3,30,META6,AADACL2
chr3,30,META6,AADAC
chr3,30,META6,SUCNR1
chr3,30,META6,AADACL2-AS1
chr3,30,META6,AADACP1
chr3,30,META6,MED12L
chr3,30,META6,MBNL1
chr3,30,META6,LOC101928166
chr3,30,META6,CLRN1-AS1
chr3,31,META6,GPR171
chr3,31,META6,P2RY13
chr3,31,META6,MIR5186
chr3,31,META6,MBNL1-AS1
chr3,31,META6,TMEM14EP
chr3,31,META6,P2RY1
chr3,31,META6,P2RY14
chr3,31,META6,GPR87
chr3,31,META6,P2RY12
chr3,31,META6,IGSF10
chr3,31,META6,AADACL2
chr3,31,META6,AADAC
chr3,31,META6,SUCNR1
chr3,31,META6,AADACL2-AS1
chr3,31,META6,AADACP1
chr3,31,META6,MED12L
chr3,31,META6,MBNL1
chr3,31,META6,LOC101928166
chr3,31,META6,CLRN1-AS1
chr3,31,META6,CLRN1
chr3,32,META6,MME
chr3,32,META6,LINC01487
chr3,32,META6,STRIT1
chr3,32,META6,PLCH1-AS2
chr3,32,META6,KCNAB1-AS1
chr3,32,META6,C3orf33
chr3,32,META6,GMPS
chr3,32,META6,KCNAB1-AS2
chr3,32,META6,SSR3
chr3,32,META6,SLC33A1
chr3,32,META6,PLCH1
chr3,32,META6,KCNAB1
chr3,33,META6,MIR16-2
chr3,33,META6,MIR15B
chr3,33,META6,SCARNA7
chr3,33,META6,TRIM59
chr3,33,META6,ARL14
chr3,33,META6,NMD3
chr3,33,META6,LINC02067
chr3,33,META6,OTOL1
chr3,33,META6,IFT80
chr3,33,META6,KPNA4
chr3,33,META6,PPM1L
chr3,33,META6,B3GALNT1
chr3,33,META6,SPTSSB
chr3,33,META6,SMC4
chr3,33,META6,TRIM59-IFT80
chr3,34,META6,KCNMB3
chr3,34,META6,ZNF639
chr3,34,META6,LINC01014
chr3,34,META6,LOC101928739
chr3,34,META6,MFN1
chr3,34,META6,NDUFB5
chr3,34,META6,MRPL47
chr3,34,META6,PEX5L-AS2
chr3,34,META6,KCNMB2
chr3,34,META6,ZMAT3
chr3,34,META6,KCNMB2-AS1
chr3,34,META6,PIK3CA
chr3,34,META6,PEX5L
chr3,34,META6,ACTL6A
chr3,34,META6,GNB4
chr3,34,META6,USP13
chr3,35,META6,SNORA63D
chr3,35,META6,SNORA63E
chr3,35,META6,YEATS2-AS1
chr3,35,META6,MAP6D1
chr3,35,META6,MIR4448
chr3,35,META6,LINC01995
chr3,35,META6,MCCC1
chr3,35,META6,LAMP3
chr3,35,META6,B3GNT5
chr3,35,META6,LINC00888
chr3,35,META6,KLHL6-AS1
chr3,35,META6,KLHL24
chr3,35,META6,PARL
chr3,35,META6,ABCC5
chr3,35,META6,ABCC5-AS1
chr3,35,META6,DCUN1D1
chr3,35,META6,MCF2L2
chr3,35,META6,ATP11B
chr3,35,META6,YEATS2
chr3,35,META6,KLHL6
chr3,35,META6,LINC01994
chr4,36,META6,MIR571
chr4,36,META6,TMEM271
chr4,36,META6,LOC105374338
chr4,36,META6,MYL5
chr4,36,META6,ATP5ME
chr4,36,META6,LOC100129917
chr4,36,META6,SLC26A1
chr4,36,META6,IDUA
chr4,36,META6,TMED11P
chr4,36,META6,SPON2
chr4,36,META6,CTBP1-DT
chr4,36,META6,NKX1-1
chr4,36,META6,ZNF595
chr4,36,META6,ZNF876P
chr4,36,META6,ZNF732
chr4,36,META6,ZNF141
chr4,36,META6,PIGG
chr4,36,META6,ABCA11P
chr4,36,META6,ZNF721
chr4,36,META6,SLC49A3
chr4,36,META6,PCGF3
chr4,36,META6,FGFRL1
chr4,36,META6,DGKQ
chr4,36,META6,TMEM175
chr4,36,META6,RNF212
chr4,36,META6,LOC105374344
chr4,36,META6,CTBP1
chr4,36,META6,CTBP1-AS
chr4,36,META6,LOC100130872
chr4,36,META6,UVSSA
chr4,36,META6,FAM53A
chr4,36,META6,TMEM129
chr4,36,META6,FGFR3
chr4,36,META6,TACC3
chr4,36,META6,NSD2
chr4,36,META6,ZNF718
chr4,36,META6,PDE6B
chr4,36,META6,CPLX1
chr4,36,META6,GAK
chr4,36,META6,MAEA
chr4,36,META6,LETM1
chr4,36,META6,SLBP
chr4,37,META6,SCARNA22
chr4,37,META6,MIR943
chr4,37,META6,C4orf48
chr4,37,META6,HAUS3
chr4,37,META6,MIR4800
chr4,37,META6,MSANTD1
chr4,37,META6,HGFAC
chr4,37,META6,LINC02171
chr4,37,META6,NSD2
chr4,37,META6,NAT8L
chr4,37,META6,NELFA
chr4,37,META6,MXD4
chr4,37,META6,CFAP99
chr4,37,META6,FAM193A
chr4,37,META6,SH3BP2
chr4,37,META6,MFSD10
chr4,37,META6,NOP14
chr4,37,META6,NOP14-AS1
chr4,37,META6,HTT-AS
chr4,37,META6,DOK7
chr4,37,META6,LRPAP1
chr4,37,META6,LINC00955
chr4,37,META6,ADRA2C
chr4,37,META6,ADD1
chr4,37,META6,ZFYVE28
chr4,37,META6,TNIP2
chr4,37,META6,RNF4
chr4,37,META6,GRK4
chr4,37,META6,RGS12
chr4,37,META6,HTT
chr4,37,META6,POLN
chr4,38,META6,CC2D2A
chr4,38,META6,FAM200B
chr4,38,META6,FGFBP1
chr4,38,META6,FGFBP2
chr4,38,META6,CPEB2
chr4,38,META6,C1QTNF7
chr4,38,META6,FBXL5
chr4,38,META6,CD38
chr4,38,META6,TAPT1
chr4,38,META6,C1QTNF7-AS1
chr4,38,META6,CPEB2-DT
chr4,38,META6,PROM1
chr4,38,META6,TAPT1-AS1
chr4,38,META6,BST1
chr4,38,META6,LINC00504
chr4,38,META6,LDB2
chr4,39,META6,LINC02493
chr4,39,META6,SNORA75B
chr4,39,META6,CLRN2
chr4,39,META6,QDPR
chr4,39,META6,MED28
chr4,39,META6,LAP3
chr4,39,META6,DCAF16
chr4,39,META6,FAM184B
chr4,39,META6,LCORL
chr4,39,META6,NCAPG
chr4,40,META6,LINC02483
chr4,40,META6,THAP6
chr4,40,META6,CXCL11
chr4,40,META6,STBD1
chr4,40,META6,MIR4450
chr4,40,META6,MIR548AH
chr4,40,META6,SOWAHB
chr4,40,META6,ODAPH
chr4,40,META6,G3BP2
chr4,40,META6,NAAA
chr4,40,META6,SDAD1
chr4,40,META6,CXCL9
chr4,40,META6,SDAD1-AS1
chr4,40,META6,NUP54
chr4,40,META6,ART3
chr4,40,META6,FAM47E
chr4,40,META6,SCARB2
chr4,40,META6,CCDC158
chr4,40,META6,SEPTIN11
chr4,40,META6,CCNG2
chr4,40,META6,USO1
chr4,40,META6,CXCL10
chr4,40,META6,FAM47E-STBD1
chr4,40,META6,CDKL2
chr4,40,META6,PPEF2
chr4,40,META6,CCNI
chr4,40,META6,SHROOM3
chr4,40,META6,RCHY1
chr4,41,META6,SNCA-AS1
chr4,41,META6,FAM13A-AS1
chr4,41,META6,TIGD2
chr4,41,META6,SNCA
chr4,41,META6,FAM13A
chr4,41,META6,HERC3
chr4,41,META6,MMRN1
chr4,41,META6,GPRIN3
chr4,41,META6,CCSER1
chr4,42,META6,NEUROG2
chr4,42,META6,MIR302B
chr4,42,META6,MIR302C
chr4,42,META6,MIR367
chr4,42,META6,MIR302D
chr4,42,META6,MIR302A
chr4,42,META6,MIR302CHG
chr4,42,META6,MIR1243
chr4,42,META6,MIR8082
chr4,42,META6,CAMK2D
chr4,42,META6,NEUROG2-AS1
chr4,42,META6,LARP7
chr4,42,META6,ZGRF1
chr4,42,META6,ANK2
chr4,42,META6,ARSJ
chr4,43,META6,MFAP3L
chr4,43,META6,PALLD
chr4,43,META6,CBR4
chr4,43,META6,CLCN3
chr4,43,META6,LINC02275
chr4,43,META6,AADAT
chr4,43,META6,HPF1
chr4,43,META6,NEK1
chr4,43,META6,SH3RF1
chr4,43,META6,LINC01612
chr4,43,META6,LINC02382
chr5,44,META6,PP7080
chr5,44,META6,MIR4456
chr5,44,META6,LOC100506688
chr5,44,META6,MIR4635
chr5,44,META6,CTD-3080P12.3
chr5,44,META6,MIR4457
chr5,44,META6,MIR6075
chr5,44,META6,MIR4277
chr5,44,META6,MRPL36
chr5,44,META6,LINC02116
chr5,44,META6,IRX4
chr5,44,META6,CTD-2194D22.4
chr5,44,META6,EXOC3-AS1
chr5,44,META6,EXOC3
chr5,44,META6,SLC9A3-AS1
chr5,44,META6,CEP72
chr5,44,META6,LOC100996325
chr5,44,META6,TPPP
chr5,44,META6,ZDHHC11B
chr5,44,META6,BRD9
chr5,44,META6,TRIP13
chr5,44,META6,ZDHHC11
chr5,44,META6,NKD2
chr5,44,META6,SLC12A7
chr5,44,META6,SLC6A18
chr5,44,META6,TERT
chr5,44,META6,SLC6A19
chr5,44,META6,CLPTM1L
chr5,44,META6,LINC01511
chr5,44,META6,LPCAT1
chr5,44,META6,LOC728613
chr5,44,META6,NDUFS6
chr5,44,META6,LOC100506858
chr5,44,META6,AHRR
chr5,44,META6,SLC9A3
chr5,44,META6,PDCD6-AHRR
chr5,44,META6,SDHAP3
chr5,44,META6,SLC6A3
chr5,45,META6,PART1
chr5,45,META6,ERCC8
chr5,45,META6,SMIM15
chr5,45,META6,LINC02057
chr5,45,META6,C5orf64
chr5,45,META6,LOC101928651
chr5,45,META6,DEPDC1B
chr5,45,META6,NDUFAF2
chr5,45,META6,ZSWIM6
chr5,45,META6,SMIM15-AS1
chr5,45,META6,C5orf64-AS1
chr5,45,META6,ELOVL7
chr5,45,META6,PDE4D
chr5,46,META6,LOC101929109
chr5,46,META6,F2RL2
chr5,46,META6,NCRUPAR
chr5,46,META6,SNORA47
chr5,46,META6,HMGCR
chr5,46,META6,POLK
chr5,46,META6,POC5
chr5,46,META6,LOC441087
chr5,46,META6,F2R
chr5,46,META6,F2RL1
chr5,46,META6,S100Z
chr5,46,META6,AGGF1
chr5,46,META6,CRHBP
chr5,46,META6,ZBED3
chr5,46,META6,ZBED3-AS1
chr5,46,META6,ANKDD1B
chr5,46,META6,SV2C
chr5,46,META6,PDE8B
chr5,46,META6,IQGAP2
chr5,46,META6,CERT1
chr5,47,META6,LOC644936
chr5,47,META6,SPZ1
chr5,47,META6,CRSP8P
chr5,47,META6,MTRNR2L2
chr5,47,META6,ZCCHC9
chr5,47,META6,TENT2
chr5,47,META6,MTX3
chr5,47,META6,THBS4
chr5,47,META6,THBS4-AS1
chr5,47,META6,ZFYVE16
chr5,47,META6,ANKRD34B
chr5,47,META6,FAM151B
chr5,47,META6,DHFR
chr5,47,META6,RASGRF2-AS1
chr5,47,META6,ACOT12
chr5,47,META6,SERINC5
chr5,47,META6,LINC01455
chr5,47,META6,LINC01337
chr5,47,META6,SSBP2
chr5,47,META6,RASGRF2
chr5,47,META6,CKMT2
chr5,47,META6,CKMT2-AS1
chr5,47,META6,MSH3
chr5,47,META6,CMYA5
chr5,48,META6,LINC01170
chr5,48,META6,ZNF608
chr5,48,META6,LOC101927421
chr5,48,META6,LINC02240
chr5,49,META6,MIR874
chr5,49,META6,HNRNPA0
chr5,49,META6,LOC100128966
chr5,49,META6,EGR1
chr5,49,META6,SNORD63B
chr5,49,META6,SNORD63
chr5,49,META6,LOC105379194
chr5,49,META6,SNHG4
chr5,49,META6,SNORA74D
chr5,49,META6,SNORA74A
chr5,49,META6,MZB1
chr5,49,META6,SPATA24
chr5,49,META6,NPY6R
chr5,49,META6,PKD2L2
chr5,49,META6,WNT8A
chr5,49,META6,LOC100130172
chr5,49,META6,NME5
chr5,49,META6,BRD8
chr5,49,META6,GFRA3
chr5,49,META6,KIF20A
chr5,49,META6,CDC23
chr5,49,META6,CDC25C
chr5,49,META6,FAM53C
chr5,49,META6,REEP2
chr5,49,META6,ETF1
chr5,49,META6,HSPA9
chr5,49,META6,CTNNA1
chr5,49,META6,LRRTM2
chr5,49,META6,PAIP2
chr5,49,META6,DNAJC18
chr5,49,META6,SLC23A1
chr5,49,META6,PROB1
chr5,49,META6,MYOT
chr5,49,META6,FAM13B
chr5,49,META6,KLHL3
chr5,49,META6,MATR3
chr5,49,META6,SIL1
chr5,49,META6,SPOCK1
chr5,49,META6,KDM3B
chr6,50,META6,LOC100130357
chr6,50,META6,GFOD1
chr6,50,META6,NOL7
chr6,50,META6,LINC01108
chr6,50,META6,TBC1D7
chr6,50,META6,TBC1D7-LOC100130357
chr6,50,META6,SIRT5
chr6,50,META6,MCUR1
chr6,50,META6,RNF182
chr6,50,META6,CD83
chr6,50,META6,PHACTR1
chr6,50,META6,RANBP9
chr6,51,META6,LOC105374960
chr6,51,META6,LNC-LBCS
chr6,51,META6,ID4
chr6,51,META6,LOC101928519
chr6,51,META6,MBOAT1
chr6,51,META6,E2F3
chr6,51,META6,CDKAL1
chr6,52,META6,H3C6
chr6,52,META6,H1-3
chr6,52,META6,H4C7
chr6,52,META6,H4C6
chr6,52,META6,H3C7
chr6,52,META6,H2BC9
chr6,52,META6,H3C8
chr6,52,META6,H2BC10
chr6,52,META6,H4C8
chr6,52,META6,LOC105374988
chr6,52,META6,ABT1
chr6,52,META6,LOC100270746
chr6,52,META6,H2AC11
chr6,52,META6,H4C9
chr6,52,META6,H2BC11
chr6,52,META6,MIR3143
chr6,52,META6,H2BC12
chr6,52,META6,H2AC12
chr6,52,META6,PRSS16
chr6,52,META6,VN1R10P
chr6,52,META6,LOC100131289
chr6,52,META6,H2AC14
chr6,52,META6,H3C10
chr6,52,META6,H2BC14
chr6,52,META6,H2BC13
chr6,52,META6,H2AC13
chr6,52,META6,H4C11
chr6,52,META6,H4C12
chr6,52,META6,H2BC15
chr6,52,META6,H2AC15
chr6,52,META6,H1-5
chr6,52,META6,H2AC16
chr6,52,META6,H4C13
chr6,52,META6,H3C11
chr6,52,META6,H3C12
chr6,52,META6,H2BC17
chr6,52,META6,H2AC17
chr6,52,META6,OR2B2
chr6,52,META6,OR2B6
chr6,52,META6,OR1F12
chr6,52,META6,ZSCAN12P1
chr6,52,META6,ZSCAN16
chr6,52,META6,TOB2P1
chr6,52,META6,BTN3A1
chr6,52,META6,BTN2A1
chr6,52,META6,BTN2A2
chr6,52,META6,BTN3A3
chr6,52,META6,BTN3A2
chr6,52,META6,BTN2A3P
chr6,52,META6,HMGN4
chr6,52,META6,BTN1A1
chr6,52,META6,HCG11
chr6,52,META6,ZNF322
chr6,52,META6,GUSBP2
chr6,52,META6,ZNF204P
chr6,52,META6,POM121L2
chr6,52,META6,ZNF184
chr6,52,META6,LINC01012
chr6,52,META6,ZKSCAN8
chr6,52,META6,ZNF165
chr6,52,META6,ZSCAN16-AS1
chr6,52,META6,ZNF192P1
chr6,52,META6,LOC285819
chr6,52,META6,LINC00240
chr6,52,META6,ZNF391
chr6,52,META6,NKAPL
chr6,52,META6,ZSCAN26
chr6,52,META6,PGBD1
chr6,52,META6,ZKSCAN4
chr6,52,META6,ZSCAN9
chr6,53,META6,OR1F12
chr6,53,META6,ZSCAN12P1
chr6,53,META6,ZSCAN16
chr6,53,META6,TOB2P1
chr6,53,META6,NKAPL
chr6,53,META6,ZSCAN26
chr6,53,META6,ZSCAN12
chr6,53,META6,GPX5
chr6,53,META6,LINC00533
chr6,53,META6,LINC01623
chr6,53,META6,HCG14
chr6,53,META6,LINC01556
chr6,53,META6,HCG15
chr6,53,META6,OR2W1
chr6,53,META6,OR2B3
chr6,53,META6,OR2J3
chr6,53,META6,OR2J1
chr6,53,META6,OR2J2
chr6,53,META6,OR12D3
chr6,53,META6,OR12D2
chr6,53,META6,OR12D1
chr6,53,META6,OR10C1
chr6,53,META6,MAS1L
chr6,53,META6,LINC01015
chr6,53,META6,SNORD32B
chr6,53,META6,OR2H2
chr6,53,META6,ZFP57
chr6,53,META6,HLA-F
chr6,53,META6,IFITM4P
chr6,53,META6,HCG4
chr6,53,META6,HLA-V
chr6,53,META6,HLA-G
chr6,53,META6,HCP5B
chr6,53,META6,HLA-H
chr6,53,META6,HCG4B
chr6,53,META6,HLA-A
chr6,53,META6,HCG9
chr6,53,META6,HLA-J
chr6,53,META6,ZKSCAN8
chr6,53,META6,ZNF165
chr6,53,META6,ZSCAN16-AS1
chr6,53,META6,ZNF192P1
chr6,53,META6,PGBD1
chr6,53,META6,ZKSCAN4
chr6,53,META6,ZSCAN9
chr6,53,META6,ZKSCAN3
chr6,53,META6,ZSCAN31
chr6,53,META6,GPX6
chr6,53,META6,TRIM27
chr6,53,META6,LOC100129636
chr6,53,META6,ZNF311
chr6,53,META6,OR14J1
chr6,53,META6,OR2H1
chr6,53,META6,OR11A1
chr6,53,META6,UBD
chr6,53,META6,MOG
chr6,53,META6,HLA-F-AS1
chr6,53,META6,ZBED9
chr6,53,META6,ZSCAN23
chr6,53,META6,LOC101929006
chr6,53,META6,GABBR1
chr6,53,META6,ZNRD1ASP
chr6,53,META6,OR5V1
chr6,54,META6,AIF1
chr6,54,META6,SNORA38
chr6,54,META6,MIR6832
chr6,54,META6,BAG6
chr6,54,META6,C6orf47
chr6,54,META6,GPANK1
chr6,54,META6,CSNK2B
chr6,54,META6,APOM
chr6,54,META6,LY6G5C
chr6,54,META6,LY6G5B
chr6,54,META6,MIR4646
chr6,54,META6,ABHD16A
chr6,54,META6,LY6G6F-LY6G6D
chr6,54,META6,LY6G6F
chr6,54,META6,LY6G6E
chr6,54,META6,LY6G6D
chr6,54,META6,MPIG6B
chr6,54,META6,DDAH2
chr6,54,META6,SAPCD1-AS1
chr6,54,META6,SAPCD1
chr6,54,META6,HSPA1L
chr6,54,META6,HSPA1B
chr6,54,META6,SNORD48
chr6,54,META6,SNORD52
chr6,54,META6,SNHG32
chr6,54,META6,NEU1
chr6,54,META6,C2-AS1
chr6,54,META6,MIR1236
chr6,54,META6,NELFE
chr6,54,META6,DXO
chr6,54,META6,STK19
chr6,54,META6,CYP21A1P
chr6,54,META6,TNXA
chr6,54,META6,TNXB
chr6,54,META6,CYP21A2
chr6,54,META6,ATF6B
chr6,54,META6,PRRT1
chr6,54,META6,LOC100507547
chr6,54,META6,AGPAT1
chr6,54,META6,MIR6721
chr6,54,META6,EGFL8
chr6,54,META6,AGER
chr6,54,META6,RNF5
chr6,54,META6,GPSM3
chr6,54,META6,MIR6833
chr6,54,META6,PBX2
chr6,54,META6,BTNL2
chr6,54,META6,HLA-DQA1
chr6,54,META6,HLA-DQB1-AS1
chr6,54,META6,HLA-DQB1
chr6,54,META6,HLA-DQA2
chr6,54,META6,MIR3135B
chr6,54,META6,HLA-DQB2
chr6,54,META6,HLA-DOB
chr6,54,META6,PSMB8
chr6,54,META6,PSMB8-AS1
chr6,54,META6,PSMB9
chr6,54,META6,HLA-DMB
chr6,54,META6,HLA-DMA
chr6,54,META6,HLA-DOA
chr6,54,META6,HLA-DPA1
chr6,54,META6,COL11A2
chr6,54,META6,SLC39A7
chr6,54,META6,HSD17B8
chr6,54,META6,MIR219A1
chr6,54,META6,HCG25
chr6,54,META6,WDR46
chr6,54,META6,B3GALT4
chr6,54,META6,PFDN6
chr6,54,META6,MIR6873
chr6,54,META6,MIR6834
chr6,54,META6,DAXX
chr6,54,META6,ZBTB22
chr6,54,META6,PHF1
chr6,54,META6,CUTA
chr6,54,META6,MIR5004
chr6,54,META6,BAK1
chr6,54,META6,PRRC2A
chr6,54,META6,LSM2
chr6,54,META6,HSPA1A
chr6,54,META6,MSH5
chr6,54,META6,CLIC1
chr6,54,META6,MSH5-SAPCD1
chr6,54,META6,VARS1
chr6,54,META6,VWA7
chr6,54,META6,SLC44A4
chr6,54,META6,SKIV2L
chr6,54,META6,C2
chr6,54,META6,ZBTB12
chr6,54,META6,EHMT2
chr6,54,META6,CFB
chr6,54,META6,C4B_2
chr6,54,META6,LOC110384692
chr6,54,META6,C4B
chr6,54,META6,C4A
chr6,54,META6,NOTCH4
chr6,54,META6,PPT2
chr6,54,META6,PPT2-EGFL8
chr6,54,META6,FKBPL
chr6,54,META6,TSBP1-AS1
chr6,54,META6,TSBP1
chr6,54,META6,HCG23
chr6,54,META6,HLA-DRA
chr6,54,META6,HLA-DRB1
chr6,54,META6,HLA-DRB6
chr6,54,META6,HLA-DRB5
chr6,54,META6,TAP2
chr6,54,META6,TAP1
chr6,54,META6,BRD2
chr6,54,META6,HLA-DPB1
chr6,54,META6,HLA-DPB2
chr6,54,META6,HCG24
chr6,54,META6,RXRB
chr6,54,META6,RING1
chr6,54,META6,VPS52
chr6,54,META6,RPS18
chr6,54,META6,SMIM40
chr6,54,META6,KIFC1
chr6,54,META6,TAPBP
chr6,54,META6,ZBTB9
chr6,54,META6,GGNBP1
chr6,54,META6,LINC00336
chr6,54,META6,LY6G6C
chr6,54,META6,SYNGAP1
chr6,54,META6,RGL2
chr6,54,META6,LOC100294145
chr6,55,META6,EVADR
chr6,55,META6,FAM135A-AS1
chr6,55,META6,COL9A1
chr6,55,META6,SDHAF4
chr6,55,META6,LMBRD1
chr6,55,META6,COL19A1
chr6,55,META6,FAM135A
chr6,55,META6,SMAP1
chr6,55,META6,ADGRB3
chr6,56,META6,MIR30C2
chr6,56,META6,MIR30A
chr6,56,META6,LINC00472
chr6,56,META6,RIMS1
chr6,56,META6,KCNQ5-IT1
chr6,56,META6,SMAP1
chr6,56,META6,B3GAT2
chr6,56,META6,LINC01626
chr6,56,META6,KCNQ5
chr6,56,META6,OGFRL1
chr6,57,META6,SNORA40C
chr6,57,META6,GTF3C6
chr6,57,META6,GSTM2P1
chr6,57,META6,SNORD166
chr6,57,META6,LOC102724646
chr6,57,META6,LAMA4
chr6,57,META6,RFPL4B
chr6,57,META6,MFSD4B
chr6,57,META6,TRAF3IP2-AS1
chr6,57,META6,TRAF3IP2
chr6,57,META6,LINC02527
chr6,57,META6,TUBE1
chr6,57,META6,FAM229B
chr6,57,META6,LAMA4-AS1
chr6,57,META6,AMD1
chr6,57,META6,RPF2
chr6,57,META6,FYN
chr6,57,META6,REV3L
chr6,57,META6,CCN6
chr6,57,META6,SLC16A10
chr6,58,META6,CCN2
chr6,58,META6,MIR548AJ1
chr6,58,META6,TAAR9
chr6,58,META6,TAAR8
chr6,58,META6,TAAR6
chr6,58,META6,TAAR5
chr6,58,META6,TAAR3P
chr6,58,META6,TAAR2
chr6,58,META6,VNN2
chr6,58,META6,SNORD101
chr6,58,META6,SNORD100
chr6,58,META6,SNORA33
chr6,58,META6,RPS12
chr6,58,META6,LINC01013
chr6,58,META6,STX7
chr6,58,META6,VNN1
chr6,58,META6,VNN3
chr6,58,META6,LINC00326
chr6,58,META6,ENPP1
chr6,58,META6,TAAR1
chr6,58,META6,MOXD1
chr6,58,META6,SLC18B1
chr6,58,META6,EYA4
chr6,58,META6,TARID
chr6,58,META6,LINC01312
chr7,59,META6,LOC100506178
chr7,59,META6,IL6
chr7,59,META6,IL6-AS1
chr7,59,META6,TOMM7
chr7,59,META6,SNORD93
chr7,59,META6,MALSU1
chr7,59,META6,SNORD65C
chr7,59,META6,RPS2P32
chr7,59,META6,CLK2P1
chr7,59,META6,RAPGEF5
chr7,59,META6,STEAP1B
chr7,59,META6,LOC401312
chr7,59,META6,SNHG26
chr7,59,META6,KLHL7
chr7,59,META6,KLHL7-DT
chr7,59,META6,GPNMB
chr7,59,META6,TRA2A
chr7,59,META6,FAM221A
chr7,59,META6,CCDC126
chr7,59,META6,FAM126A
chr7,59,META6,STK31
chr7,59,META6,NUP42
chr7,59,META6,IGF2BP3
chr7,60,META6,MIR591
chr7,60,META6,PON3
chr7,60,META6,PON1
chr7,60,META6,ASB4
chr7,60,META6,PDK4
chr7,60,META6,SEM1
chr7,60,META6,PPP1R9A
chr7,60,META6,DYNC1I1
chr7,60,META6,SLC25A13
chr7,60,META6,PON2
chr7,61,META6,ZNF655
chr7,61,META6,CYP3A5
chr7,61,META6,AZGP1P1
chr7,61,META6,MCM7
chr7,61,META6,MIR106B
chr7,61,META6,MIR93
chr7,61,META6,MIR25
chr7,61,META6,TAF6
chr7,61,META6,MBLAC1
chr7,61,META6,LAMTOR4
chr7,61,META6,GAL3ST4
chr7,61,META6,MIR4658
chr7,61,META6,STAG3L5P
chr7,61,META6,PVRIG2P
chr7,61,META6,MIR6840
chr7,61,META6,PILRB
chr7,61,META6,PPP1R35
chr7,61,META6,C7orf61
chr7,61,META6,NYAP1
chr7,61,META6,SAP25
chr7,61,META6,ZASP
chr7,61,META6,PCOLCE
chr7,61,META6,GNB2
chr7,61,META6,POP7
chr7,61,META6,EPO
chr7,61,META6,MIR6875
chr7,61,META6,TRIP6
chr7,61,META6,UFSP1
chr7,61,META6,MUC12-AS1
chr7,61,META6,VGF
chr7,61,META6,MIR4653
chr7,61,META6,MOGAT3
chr7,61,META6,PLOD3
chr7,61,META6,FIS1
chr7,61,META6,LNCPRESS1
chr7,61,META6,EMSLR
chr7,61,META6,TMEM225B
chr7,61,META6,ZNF394
chr7,61,META6,FAM200A
chr7,61,META6,ZKSCAN5
chr7,61,META6,ZSCAN25
chr7,61,META6,CYP3A7-CYP3A51P
chr7,61,META6,CYP3A7
chr7,61,META6,CYP3A4
chr7,61,META6,CYP3A43
chr7,61,META6,AZGP1
chr7,61,META6,TRIM4
chr7,61,META6,GJC3
chr7,61,META6,ZNF3
chr7,61,META6,CNPY4
chr7,61,META6,ZSCAN21
chr7,61,META6,AP4M1
chr7,61,META6,ZKSCAN1
chr7,61,META6,COPS6
chr7,61,META6,PVRIG
chr7,61,META6,STAG3
chr7,61,META6,MAP11
chr7,61,META6,GPC2
chr7,61,META6,SPDYE3
chr7,61,META6,PMS2P1
chr7,61,META6,STAG3L5P-PVRIG2P-PILRB
chr7,61,META6,PILRA
chr7,61,META6,MEPCE
chr7,61,META6,TSC22D4
chr7,61,META6,FBXO24
chr7,61,META6,MOSPD3
chr7,61,META6,TFR2
chr7,61,META6,LRCH4
chr7,61,META6,PCOLCE-AS1
chr7,61,META6,ACTL6B
chr7,61,META6,AGFG2
chr7,61,META6,GIGYF1
chr7,61,META6,SRRT
chr7,61,META6,SLC12A9
chr7,61,META6,ACHE
chr7,61,META6,SLC12A9-AS1
chr7,61,META6,EPHB4
chr7,61,META6,MUC3A
chr7,61,META6,MUC12
chr7,61,META6,AP1S1
chr7,61,META6,TRIM56
chr7,61,META6,SERPINE1
chr7,61,META6,NAT16
chr7,61,META6,CLDN15
chr7,61,META6,ZNHIT1
chr7,61,META6,OR2AE1
chr7,61,META6,ZCWPW1
chr7,61,META6,CASTOR3
chr7,61,META6,LOC105375423
chr7,61,META6,MUC17
chr7,61,META6,IFT22
chr7,61,META6,COL26A1
chr7,61,META6,ZAN
chr7,61,META6,LOC105375429
chr7,62,META6,MIR595
chr7,62,META6,LINC01022
chr7,62,META6,MIR5707
chr7,62,META6,PTPRN2-AS1
chr7,62,META6,NCAPG2
chr7,62,META6,ESYT2
chr7,62,META6,VIPR2
chr7,62,META6,LINC00689
chr7,62,META6,DYNC2I1
chr7,62,META6,PTPRN2
chr8,63,META6,LOC105377777
chr8,63,META6,LOC286083
chr8,63,META6,LOC101927752
chr8,63,META6,MIR3674
chr8,63,META6,MIR596
chr8,63,META6,LOC101928058
chr8,63,META6,KBTBD11-OT1
chr8,63,META6,MIR7160
chr8,63,META6,CLN8
chr8,63,META6,KBTBD11
chr8,63,META6,LOC101927815
chr8,63,META6,ARHGEF10
chr8,63,META6,DLGAP2-AS1
chr8,63,META6,LOC105377785
chr8,63,META6,DLGAP2
chr8,63,META6,MYOM2
chr8,64,META6,SPAG11B
chr8,64,META6,DEFB106B
chr8,64,META6,DEFB106A
chr8,64,META6,DEFB105A
chr8,64,META6,DEFB105B
chr8,64,META6,PRR23D1
chr8,64,META6,PRR23D2
chr8,64,META6,FAM90A7P
chr8,64,META6,FAM90A10P
chr8,64,META6,DEFB104A
chr8,64,META6,DEFB104B
chr8,64,META6,SPAG11A
chr8,64,META6,DEFB103B
chr8,64,META6,DEFB103A
chr8,64,META6,DEFB4A
chr8,64,META6,USP17L8
chr8,64,META6,USP17L3
chr8,64,META6,MIR548I3
chr8,64,META6,FAM86B3P
chr8,64,META6,CLDN23
chr8,64,META6,MIR4660
chr8,64,META6,SNORD3I
chr8,64,META6,LOC157273
chr8,64,META6,DEFB107B
chr8,64,META6,DEFB107A
chr8,64,META6,ZNF705B
chr8,64,META6,PRAG1
chr8,64,META6,MFHAS1
chr8,64,META6,ERI1
chr8,64,META6,PPP1R3B
chr8,64,META6,LOC101929128
chr8,64,META6,FAM66E
chr8,64,META6,FAM85B
chr8,64,META6,DEFB109B
chr8,65,META6,MIR598
chr8,65,META6,LOC101929269
chr8,65,META6,SLC35G5
chr8,65,META6,LOC100129129
chr8,65,META6,LINC00208
chr8,65,META6,SNORA99
chr8,65,META6,C8orf49
chr8,65,META6,DEFB136
chr8,65,META6,DEFB135
chr8,65,META6,DEFB134
chr8,65,META6,DEFB130B
chr8,65,META6,DEFB130A
chr8,65,META6,USP17L7
chr8,65,META6,USP17L2
chr8,65,META6,LOC392196
chr8,65,META6,FAM90A2P
chr8,65,META6,LOC649352
chr8,65,META6,DEFB109A
chr8,65,META6,FAM90A25P
chr8,65,META6,MIR5692A1
chr8,65,META6,MIR5692A2
chr8,65,META6,MIR3926-1
chr8,65,META6,MIR3926-2
chr8,65,META6,MTMR9
chr8,65,META6,TDH
chr8,65,META6,FAM167A
chr8,65,META6,NEIL2
chr8,65,META6,GATA4
chr8,65,META6,CTSB
chr8,65,META6,FDFT1
chr8,65,META6,ZNF705D
chr8,65,META6,FAM66D
chr8,65,META6,FAM86B2
chr8,65,META6,FAM66A
chr8,65,META6,LONRF1
chr8,65,META6,LOC340357
chr8,65,META6,LINC00681
chr8,65,META6,FAM167A-AS1
chr8,65,META6,XKR6
chr8,65,META6,FAM85A
chr8,65,META6,LOC100506990
chr8,65,META6,FAM86B1
chr8,65,META6,BLK
chr8,65,META6,LOC729732
chr8,66,META6,FGF20
chr8,66,META6,MIR548V
chr8,66,META6,MSR1
chr8,66,META6,VPS37A
chr8,66,META6,CNOT7
chr8,66,META6,PDGFRL
chr8,66,META6,MTUS1
chr8,66,META6,SLC7A2
chr8,66,META6,ZDHHC2
chr8,66,META6,MTMR7
chr8,66,META6,MICU3
chr8,67,META6,DOK2
chr8,67,META6,FGF17
chr8,67,META6,NUDT18
chr8,67,META6,REEP4
chr8,67,META6,SFTPC
chr8,67,META6,PHYHIP
chr8,67,META6,MIR320A
chr8,67,META6,SORBS3
chr8,67,META6,C8orf58
chr8,67,META6,LOC107986876
chr8,67,META6,BIN3-IT1
chr8,67,META6,LOC101929237
chr8,67,META6,TNFRSF10C
chr8,67,META6,LOC389641
chr8,67,META6,R3HCC1
chr8,67,META6,XPO7
chr8,67,META6,FAM160B2
chr8,67,META6,DMTN
chr8,67,META6,NPM2
chr8,67,META6,HR
chr8,67,META6,BMP1
chr8,67,META6,POLR3D
chr8,67,META6,LOC100507071
chr8,67,META6,PPP3CC
chr8,67,META6,CCAR2
chr8,67,META6,PDLIM2
chr8,67,META6,BIN3
chr8,67,META6,EGR3
chr8,67,META6,RHOBTB2
chr8,67,META6,TNFRSF10D
chr8,67,META6,LOC254896
chr8,67,META6,CHMP7
chr8,67,META6,ENTPD4
chr8,67,META6,LOC100507156
chr8,67,META6,SLC25A37
chr8,67,META6,GFRA2
chr8,67,META6,PIWIL2
chr8,67,META6,SLC39A14
chr8,67,META6,PEBP4
chr8,67,META6,LGI3
chr8,67,META6,LOXL2
chr8,67,META6,TNFRSF10A
chr8,67,META6,TNFRSF10B
chr8,67,META6,LOC286059
chr8,68,META6,TMEM74
chr8,68,META6,ENY2
chr8,68,META6,LOC100132813
chr8,68,META6,TRHR
chr8,68,META6,EBAG9
chr8,68,META6,SYBU
chr8,68,META6,NUDCD1
chr8,68,META6,KCNV1
chr8,68,META6,PKHD1L1
chr8,69,META6,MIR3686
chr8,69,META6,MIR5194
chr8,69,META6,ASAP1-IT2
chr8,69,META6,ASAP1-IT1
chr8,69,META6,LINC00976
chr8,69,META6,CYRIB
chr8,69,META6,CCDC26
chr8,69,META6,LINC00977
chr8,69,META6,GSDMC
chr8,69,META6,ASAP1
chr8,69,META6,ADCY8
chr9,70,META6,BNC2-AS1
chr9,70,META6,MIR3152
chr9,70,META6,CNTLN
chr9,70,META6,SH3GL2
chr9,70,META6,ADAMTSL1
chr9,70,META6,BNC2
chr9,71,META6,AQP3
chr9,71,META6,MIR6851
chr9,71,META6,ANXA2P2
chr9,71,META6,PTENP1
chr9,71,META6,PRSS3
chr9,71,META6,SNORD121B
chr9,71,META6,SNORD121A
chr9,71,META6,C9orf24
chr9,71,META6,RPP25L
chr9,71,META6,ARID3C
chr9,71,META6,GALT
chr9,71,META6,LOC730098
chr9,71,META6,CCL27
chr9,71,META6,IL11RA
chr9,71,META6,CCL19
chr9,71,META6,CCL21
chr9,71,META6,FAM205A
chr9,71,META6,FAM205C
chr9,71,META6,DNAJB5-DT
chr9,71,META6,STOML2
chr9,71,META6,BAG1
chr9,71,META6,CHMP5
chr9,71,META6,SPINK4
chr9,71,META6,B4GALT1-AS1
chr9,71,META6,AQP7
chr9,71,META6,NOL6
chr9,71,META6,SUGT1P1
chr9,71,META6,LINC01251
chr9,71,META6,UBE2R2
chr9,71,META6,UBAP2
chr9,71,META6,DCAF12
chr9,71,META6,KIF24
chr9,71,META6,FAM219A
chr9,71,META6,MYORG
chr9,71,META6,CNTFR
chr9,71,META6,CNTFR-AS1
chr9,71,META6,ENHO
chr9,71,META6,DCTN3
chr9,71,META6,SIGMAR1
chr9,71,META6,FAM205BP
chr9,71,META6,PHF24
chr9,71,META6,FAM214B
chr9,71,META6,FANCG
chr9,71,META6,VCP
chr9,71,META6,C9orf131
chr9,71,META6,PIGO
chr9,71,META6,B4GALT1
chr9,71,META6,NFX1
chr9,71,META6,NUDT2
chr9,71,META6,DNAI1
chr9,71,META6,UBAP1
chr9,71,META6,PTENP1-AS
chr9,71,META6,DNAJB5
chr9,71,META6,ANKRD18B
chr10,72,META6,MEIG1
chr10,72,META6,ACBD7
chr10,72,META6,RPP38
chr10,72,META6,RPP38-DT
chr10,72,META6,FAM107B
chr10,72,META6,SUV39H2
chr10,72,META6,HSPA14
chr10,72,META6,CDNF
chr10,72,META6,LOC100421372
chr10,72,META6,DCLRE1CP1
chr10,72,META6,NMT2
chr10,72,META6,PPIAP30
chr10,72,META6,PTER
chr10,72,META6,DCLRE1C
chr10,72,META6,FAM171A1
chr10,72,META6,OLAH
chr10,72,META6,ITGA8
chr10,72,META6,ACBD7-DCLRE1CP1
chr10,72,META6,MINDY3
chr10,73,META6,MIR3158-1
chr10,73,META6,MIR3158-2
chr10,73,META6,FGF8
chr10,73,META6,NPM3
chr10,73,META6,HPS6
chr10,73,META6,LDB1
chr10,73,META6,ELOVL3
chr10,73,META6,PSD
chr10,73,META6,FBXL15
chr10,73,META6,CUEDC2
chr10,73,META6,MIR146B
chr10,73,META6,RPARP-AS1
chr10,73,META6,C10orf95
chr10,73,META6,CYP17A1
chr10,73,META6,RPEL1
chr10,73,META6,ATP5MD
chr10,73,META6,MIR1307
chr10,73,META6,DPCD
chr10,73,META6,FBXW4
chr10,73,META6,KCNIP2-AS1
chr10,73,META6,OGA
chr10,73,META6,KCNIP2
chr10,73,META6,PPRC1
chr10,73,META6,NOLC1
chr10,73,META6,NFKB2
chr10,73,META6,MFSD13A
chr10,73,META6,SUFU
chr10,73,META6,ARL3
chr10,73,META6,SFXN2
chr10,73,META6,TRIM8
chr10,73,META6,BORCS7
chr10,73,META6,WBP1L
chr10,73,META6,CNNM2
chr10,73,META6,LOC107984265
chr10,73,META6,TAF5
chr10,73,META6,PCGF6
chr10,73,META6,BTRC
chr10,73,META6,POLL
chr10,73,META6,ARMH3
chr10,73,META6,GBF1
chr10,73,META6,PITX3
chr10,73,META6,ACTR1A
chr10,73,META6,NT5C2
chr10,73,META6,BORCS7-ASMT
chr10,73,META6,PDCD11
chr10,73,META6,AS3MT
chr10,73,META6,INA
chr10,74,META6,HPS6
chr10,74,META6,LDB1
chr10,74,META6,ELOVL3
chr10,74,META6,PSD
chr10,74,META6,FBXL15
chr10,74,META6,CUEDC2
chr10,74,META6,MIR146B
chr10,74,META6,RPARP-AS1
chr10,74,META6,C10orf95
chr10,74,META6,CYP17A1
chr10,74,META6,RPEL1
chr10,74,META6,ATP5MD
chr10,74,META6,MIR1307
chr10,74,META6,CALHM1
chr10,74,META6,CALHM3
chr10,74,META6,SH3PXD2A-AS1
chr10,74,META6,PPRC1
chr10,74,META6,NOLC1
chr10,74,META6,NFKB2
chr10,74,META6,MFSD13A
chr10,74,META6,SUFU
chr10,74,META6,ARL3
chr10,74,META6,SFXN2
chr10,74,META6,TRIM8
chr10,74,META6,BORCS7
chr10,74,META6,WBP1L
chr10,74,META6,CNNM2
chr10,74,META6,LOC107984265
chr10,74,META6,TAF5
chr10,74,META6,PCGF6
chr10,74,META6,CALHM2
chr10,74,META6,NEURL1-AS1
chr10,74,META6,ARMH3
chr10,74,META6,GBF1
chr10,74,META6,PITX3
chr10,74,META6,ACTR1A
chr10,74,META6,NT5C2
chr10,74,META6,BORCS7-ASMT
chr10,74,META6,NEURL1
chr10,74,META6,PDCD11
chr10,74,META6,SH3PXD2A
chr10,74,META6,AS3MT
chr10,74,META6,INA
chr10,75,META6,SNORA19
chr10,75,META6,MIR4681
chr10,75,META6,INPP5F
chr10,75,META6,MIR4682
chr10,75,META6,RPL21
chr10,75,META6,LINC01561
chr10,75,META6,DENND10
chr10,75,META6,EIF3A
chr10,75,META6,NANOS1
chr10,75,META6,PRDX3
chr10,75,META6,RGS10
chr10,75,META6,TIAL1
chr10,75,META6,MCMBP
chr10,75,META6,GRK5
chr10,75,META6,SFXN4
chr10,75,META6,CACUL1
chr10,75,META6,SEC23IP
chr10,75,META6,BAG3
chr10,75,META6,PLPP4
chr10,75,META6,WDR11
chr10,75,META6,WDR11-AS1
chr11,76,META6,SNORA70E
chr11,76,META6,RAB30-DT
chr11,76,META6,LOC100506282
chr11,76,META6,PCF11-AS1
chr11,76,META6,DDIAS
chr11,76,META6,RAB30
chr11,76,META6,PCF11
chr11,76,META6,ANKRD42
chr11,76,META6,CCDC90B
chr11,76,META6,DLG2
chr11,76,META6,PRCP
chr11,77,META6,LOC101928847
chr11,77,META6,NCAM1-AS1
chr11,77,META6,MIR4301
chr11,77,META6,CLDN25
chr11,77,META6,C11orf71
chr11,77,META6,TTC12
chr11,77,META6,DRD2
chr11,77,META6,ANKK1
chr11,77,META6,TMPRSS5
chr11,77,META6,USP28
chr11,77,META6,HTR3A
chr11,77,META6,HTR3B
chr11,77,META6,NNMT
chr11,77,META6,LOC101928940
chr11,77,META6,RBM7
chr11,77,META6,REXO2
chr11,77,META6,NXPE4
chr11,77,META6,ZW10
chr11,77,META6,ZBTB16
chr11,77,META6,NXPE2
chr11,77,META6,NXPE1
chr11,77,META6,NCAM1
chr11,78,META6,MIR4697
chr11,78,META6,SNORD153
chr11,78,META6,ACAD8
chr11,78,META6,LINC02743
chr11,78,META6,SPATA19
chr11,78,META6,LINC02731
chr11,78,META6,GLB1L2
chr11,78,META6,THYN1
chr11,78,META6,VPS26B
chr11,78,META6,GLB1L3
chr11,78,META6,B3GAT1
chr11,78,META6,OPCML
chr11,78,META6,JAM3
chr11,78,META6,IGSF9B
chr11,78,META6,LINC02714
chr11,78,META6,B3GAT1-DT
chr11,78,META6,NCAPD3
chr12,79,META6,FAM138D
chr12,79,META6,SLC6A12-AS1
chr12,79,META6,LOC102723544
chr12,79,META6,LOC105369595
chr12,79,META6,RAD52
chr12,79,META6,LINC00942
chr12,79,META6,LOC107984507
chr12,79,META6,MIR3649
chr12,79,META6,WASH8P
chr12,79,META6,SLC6A12
chr12,79,META6,LOC574538
chr12,79,META6,KDM5A
chr12,79,META6,CCDC77
chr12,79,META6,NINJ2-AS1
chr12,79,META6,NINJ2
chr12,79,META6,WNT5B
chr12,79,META6,WNK1
chr12,79,META6,SLC6A13
chr12,79,META6,IQSEC3
chr12,79,META6,B4GALNT3
chr12,79,META6,LRTM2
chr12,79,META6,FBXL14
chr12,79,META6,ADIPOR2
chr12,79,META6,CACNA2D4
chr12,79,META6,ERC1
chr12,80,META6,C12orf40
chr12,80,META6,LINC02471
chr12,80,META6,ABCD2
chr12,80,META6,KIF21A
chr12,80,META6,MUC19
chr12,80,META6,LRRK2
chr12,80,META6,CNTN1
chr12,80,META6,SLC2A13
chr12,80,META6,PDZRN4
chr12,81,META6,RACGAP1P1
chr12,81,META6,DBX2
chr12,81,META6,PLEKHA8P1
chr12,81,META6,LINC00938
chr12,81,META6,SCAF11
chr12,81,META6,SLC38A1
chr12,81,META6,SLC38A2
chr12,81,META6,ANO6
chr12,81,META6,ARID2
chr12,81,META6,SLC38A4
chr12,81,META6,LOC100288798
chr12,82,META6,LALBA
chr12,82,META6,SNORA2C
chr12,82,META6,MIR1291
chr12,82,META6,SNORA2A
chr12,82,META6,SNORA2B
chr12,82,META6,MIR4701
chr12,82,META6,ADCY6-DT
chr12,82,META6,RND1
chr12,82,META6,FKBP11
chr12,82,META6,WNT10B
chr12,82,META6,WNT1
chr12,82,META6,DDN
chr12,82,META6,RHEBL1
chr12,82,META6,DHH
chr12,82,META6,TUBA1B
chr12,82,META6,TUBA1A
chr12,82,META6,PRPH
chr12,82,META6,TROAP
chr12,82,META6,C1QL4
chr12,82,META6,LOC100335030
chr12,82,META6,LINC02396
chr12,82,META6,AQP5
chr12,82,META6,LOC101927318
chr12,82,META6,AQP6
chr12,82,META6,ASIC1
chr12,82,META6,GPD1
chr12,82,META6,MIR1293
chr12,82,META6,SNORD133
chr12,82,META6,KANSL2
chr12,82,META6,CCNT1
chr12,82,META6,DDX23
chr12,82,META6,CACNB3
chr12,82,META6,ADCY6
chr12,82,META6,PRKAG1
chr12,82,META6,DDN-AS1
chr12,82,META6,CCDC65
chr12,82,META6,ARF3
chr12,82,META6,LMBR1L
chr12,82,META6,TUBA1C
chr12,82,META6,LOC101927267
chr12,82,META6,DNAJC22
chr12,82,META6,PRPF40B
chr12,82,META6,FAM186B
chr12,82,META6,MCRS1
chr12,82,META6,TMBIM6
chr12,82,META6,BCDIN3D-AS1
chr12,82,META6,LINC02395
chr12,82,META6,FAIM2
chr12,82,META6,BCDIN3D
chr12,82,META6,RACGAP1
chr12,82,META6,AQP2
chr12,82,META6,COX14
chr12,82,META6,CERS5
chr12,82,META6,SMARCD1
chr12,82,META6,LARP4
chr12,82,META6,TEX49
chr12,82,META6,KMT2D
chr12,82,META6,SPATS2
chr12,82,META6,LIMA1
chr12,82,META6,KCNH3
chr12,82,META6,NCKAP5L
chr12,82,META6,FMNL3
chr12,82,META6,DIP2B
chr12,82,META6,FAM186A
chr12,83,META6,MRS2P2
chr12,83,META6,TSPAN8
chr12,83,META6,THAP2
chr12,83,META6,ZFC3H1
chr12,83,META6,RAB21
chr12,83,META6,TBC1D15
chr12,83,META6,TRHDE-AS1
chr12,83,META6,PTPRR
chr12,83,META6,LGR5
chr12,83,META6,TMEM19
chr12,83,META6,TPH2
chr12,83,META6,TRHDE
chr12,84,META6,MIR1827
chr12,84,META6,DEPDC4
chr12,84,META6,MIR548AQ
chr12,84,META6,SYCP3
chr12,84,META6,ACTR6
chr12,84,META6,GOLGA2P5
chr12,84,META6,GAS2L3
chr12,84,META6,ARL1
chr12,84,META6,SPIC
chr12,84,META6,MYBPC1
chr12,84,META6,GNPTAB
chr12,84,META6,DRAM1
chr12,84,META6,NR1H4
chr12,84,META6,UHRF1BP1L
chr12,84,META6,SCYL2
chr12,84,META6,SLC17A8
chr12,84,META6,ANO4
chr12,84,META6,UTP20
chr12,84,META6,SLC5A8
chr12,84,META6,CHPT1
chr12,85,META6,LOC100505978
chr12,85,META6,MTERF2
chr12,85,META6,ASCL4
chr12,85,META6,LOC728739
chr12,85,META6,TMEM263
chr12,85,META6,PWP1
chr12,85,META6,CMKLR1
chr12,85,META6,LINC01498
chr12,85,META6,RIC8B
chr12,85,META6,LOC100287944
chr12,85,META6,POLR3B
chr12,85,META6,RFX4
chr12,85,META6,BTBD11
chr12,85,META6,LOC101929162
chr12,85,META6,CRY1
chr12,85,META6,PRDM4
chr12,85,META6,WSCD2
chr12,86,META6,MIR4496
chr12,86,META6,MIR619
chr12,86,META6,USP30-AS1
chr12,86,META6,ALKBH2
chr12,86,META6,LINC01486
chr12,86,META6,MIR4497
chr12,86,META6,C12orf76
chr12,86,META6,SELPLG
chr12,86,META6,TMEM119
chr12,86,META6,SSH1
chr12,86,META6,DAO
chr12,86,META6,UNG
chr12,86,META6,USP30
chr12,86,META6,FOXN4
chr12,86,META6,KCTD10
chr12,86,META6,UBE3B
chr12,86,META6,MMAB
chr12,86,META6,FAM222A-AS1
chr12,86,META6,TRPV4
chr12,86,META6,FAM222A
chr12,86,META6,TCHP
chr12,86,META6,GLTP
chr12,86,META6,ANKRD13A
chr12,86,META6,IFT81
chr12,86,META6,ATP2A2
chr12,86,META6,ANAPC7
chr12,86,META6,GPN3
chr12,86,META6,ARPC3
chr12,86,META6,FAM216A
chr12,86,META6,RAD9B
chr12,86,META6,PPTC7
chr12,86,META6,CORO1C
chr12,86,META6,SVOP
chr12,86,META6,GIT2
chr12,86,META6,MYO1H
chr12,86,META6,MVK
chr12,86,META6,ACACB
chr12,86,META6,VPS29
chr12,87,META6,LOC100506691
chr12,87,META6,IL31
chr12,87,META6,LOC101593348
chr12,87,META6,CLIP1-AS1
chr12,87,META6,MIR9902-1
chr12,87,META6,MIR9902-2
chr12,87,META6,HCAR2
chr12,87,META6,HCAR1
chr12,87,META6,ARL6IP4
chr12,87,META6,MIR4304
chr12,87,META6,PITPNM2-AS1
chr12,87,META6,CDK2AP1
chr12,87,META6,MIR8072
chr12,87,META6,SBNO1-AS1
chr12,87,META6,SNRNP35
chr12,87,META6,MIR3908
chr12,87,META6,TMED2-DT
chr12,87,META6,TMED2
chr12,87,META6,SNORA9B
chr12,87,META6,HPD
chr12,87,META6,CFAP251
chr12,87,META6,MLXIP
chr12,87,META6,DIABLO
chr12,87,META6,LRRC43
chr12,87,META6,VPS33A
chr12,87,META6,B3GNT4
chr12,87,META6,ZCCHC8
chr12,87,META6,RSRC2
chr12,87,META6,DENR
chr12,87,META6,HCAR3
chr12,87,META6,HIP1R
chr12,87,META6,VPS37B
chr12,87,META6,OGFOD2
chr12,87,META6,C12orf65
chr12,87,META6,KMT5A
chr12,87,META6,RILPL2
chr12,87,META6,RILPL1
chr12,87,META6,DDX55
chr12,87,META6,GTF2H3
chr12,87,META6,EIF2B1
chr12,87,META6,TCTN2
chr12,87,META6,BCL7A
chr12,87,META6,KNTC1
chr12,87,META6,PSMD9
chr12,87,META6,CLIP1
chr12,87,META6,PITPNM2
chr12,87,META6,ABCB9
chr12,87,META6,MPHOSPH9
chr12,87,META6,CCDC62
chr12,87,META6,SBNO1
chr12,87,META6,DNAH10
chr12,87,META6,ATP6V0A2
chr13,88,META6,LPAR6
chr13,88,META6,MLNR
chr13,88,META6,LOC105370203
chr13,88,META6,ARL11
chr13,88,META6,CTAGE10P
chr13,88,META6,MIR3613
chr13,88,META6,MIR16-1
chr13,88,META6,MIR15A
chr13,88,META6,ST13P4
chr13,88,META6,RCBTB2
chr13,88,META6,LINC00462
chr13,88,META6,CYSLTR2
chr13,88,META6,CAB39L
chr13,88,META6,SETDB2-PHF11
chr13,88,META6,SETDB2
chr13,88,META6,PHF11
chr13,88,META6,RCBTB1
chr13,88,META6,KPNA3
chr13,88,META6,SPRYD7
chr13,88,META6,TRIM13
chr13,88,META6,KCNRG
chr13,88,META6,DLEU1
chr13,88,META6,FNDC3A
chr13,88,META6,RB1
chr13,88,META6,DLEU2
chr13,88,META6,EBPL
chr13,88,META6,CDADC1
chr13,89,META6,MIR4501
chr13,89,META6,RNF113B
chr13,89,META6,MIR3170
chr13,89,META6,LINC00359
chr13,89,META6,LINC00456
chr13,89,META6,RAP2A
chr13,89,META6,IPO5
chr13,89,META6,MBNL2
chr13,89,META6,OXGR1
chr13,89,META6,FARP1
chr13,89,META6,HS6ST3
chr13,90,META6,LINC00399
chr13,90,META6,LINC00676
chr13,90,META6,LINC00396
chr13,90,META6,LOC105370361
chr13,90,META6,MIR8073
chr13,90,META6,COL4A2-AS1
chr13,90,META6,ING1
chr13,90,META6,MYO16-AS1
chr13,90,META6,IRS2
chr13,90,META6,COL4A2-AS2
chr13,90,META6,RAB20
chr13,90,META6,CARS2
chr13,90,META6,COL4A2
chr13,90,META6,COL4A1
chr13,90,META6,NAXD
chr13,90,META6,MYO16
chr14,91,META6,MIR4503
chr14,91,META6,SLC25A21-AS1
chr14,91,META6,FOXA1
chr14,91,META6,SSTR1
chr14,91,META6,CLEC14A
chr14,91,META6,TTC6
chr14,91,META6,LINC00517
chr14,91,META6,MIPOL1
chr14,91,META6,LOC112268136
chr14,91,META6,LINC00639
chr14,91,META6,SLC25A21
chr14,92,META6,MIR5580
chr14,92,META6,MIR4308
chr14,92,META6,LGALS3
chr14,92,META6,KTN1-AS1
chr14,92,META6,RPL13AP3
chr14,92,META6,BMP4
chr14,92,META6,CDKN3
chr14,92,META6,GMFB
chr14,92,META6,CNIH1
chr14,92,META6,GCH1
chr14,92,META6,SOCS4
chr14,92,META6,WDHD1
chr14,92,META6,MAPK1IP1L
chr14,92,META6,TBPL2
chr14,92,META6,ATG14
chr14,92,META6,KTN1
chr14,92,META6,LINC00520
chr14,92,META6,FBXO34
chr14,92,META6,SAMD4A
chr14,92,META6,DLGAP5
chr14,92,META6,CGRRF1
chr14,93,META6,GPR65
chr14,93,META6,LINC01147
chr14,93,META6,LINC02330
chr14,93,META6,SPATA7
chr14,93,META6,GALC
chr14,93,META6,TTC8
chr14,93,META6,ZC3H14
chr14,93,META6,KCNK10
chr14,93,META6,PTPN21
chr14,93,META6,EML5
chr14,93,META6,LINC01146
chr14,94,META6,MIR342
chr14,94,META6,MIR151B
chr14,94,META6,MIR6764
chr14,94,META6,MIR345
chr14,94,META6,SLC25A47
chr14,94,META6,BEGAIN
chr14,94,META6,MIR2392
chr14,94,META6,MIR770
chr14,94,META6,MIR337
chr14,94,META6,MIR665
chr14,94,META6,MIR493
chr14,94,META6,MIR136
chr14,94,META6,MIR432
chr14,94,META6,MIR433
chr14,94,META6,MIR127
chr14,94,META6,MIR431
chr14,94,META6,SNORD112
chr14,94,META6,SNORD113-1
chr14,94,META6,MIR370
chr14,94,META6,SNORD113-2
chr14,94,META6,SNORD113-3
chr14,94,META6,SNORD113-4
chr14,94,META6,SNORD113-5
chr14,94,META6,SNORD113-6
chr14,94,META6,SNORD113-7
chr14,94,META6,SNORD113-8
chr14,94,META6,SNORD113-9
chr14,94,META6,SNORD114-1
chr14,94,META6,SNORD114-2
chr14,94,META6,SNORD114-3
chr14,94,META6,SNORD114-4
chr14,94,META6,SNORD114-5
chr14,94,META6,SNORD114-6
chr14,94,META6,SNORD114-7
chr14,94,META6,SNORD114-8
chr14,94,META6,SNORD114-9
chr14,94,META6,SNORD114-10
chr14,94,META6,SNORD114-11
chr14,94,META6,SNORD114-12
chr14,94,META6,SNORD114-13
chr14,94,META6,SNORD114-14
chr14,94,META6,SNORD114-15
chr14,94,META6,SNORD114-16
chr14,94,META6,SNORD114-17
chr14,94,META6,SNORD114-18
chr14,94,META6,SNORD114-19
chr14,94,META6,SNORD114-20
chr14,94,META6,SNORD114-21
chr14,94,META6,SNORD114-22
chr14,94,META6,SNORD114-23
chr14,94,META6,SNORD114-24
chr14,94,META6,SNORD114-25
chr14,94,META6,SNORD114-26
chr14,94,META6,SNORD114-27
chr14,94,META6,SNORD114-28
chr14,94,META6,SNORD114-29
chr14,94,META6,SNORD114-30
chr14,94,META6,SNORD114-31
chr14,94,META6,MIR411
chr14,94,META6,MIR379
chr14,94,META6,MIR758
chr14,94,META6,MIR1197
chr14,94,META6,MIR323A
chr14,94,META6,MIR1193
chr14,94,META6,MIR376C
chr14,94,META6,MIR299
chr14,94,META6,MIR543
chr14,94,META6,MIR495
chr14,94,META6,MIR494
chr14,94,META6,MIR380
chr14,94,META6,MIR329-2
chr14,94,META6,MIR329-1
chr14,94,META6,MIR323B
chr14,94,META6,MIR654
chr14,94,META6,MIR300
chr14,94,META6,MIR382
chr14,94,META6,MIR381
chr14,94,META6,MIR544A
chr14,94,META6,MIR376A1
chr14,94,META6,MIR376B
chr14,94,META6,MIR1185-1
chr14,94,META6,MIR1185-2
chr14,94,META6,MIR381HG
chr14,94,META6,MIR487A
chr14,94,META6,MIR889
chr14,94,META6,MIR668
chr14,94,META6,MIR487B
chr14,94,META6,MIR485
chr14,94,META6,MIR539
chr14,94,META6,MIR134
chr14,94,META6,MIR655
chr14,94,META6,MIR377
chr14,94,META6,MIR656
chr14,94,META6,MIR412
chr14,94,META6,MIR369
chr14,94,META6,MIR410
chr14,94,META6,MIR496
chr14,94,META6,MIR541
chr14,94,META6,MIR154
chr14,94,META6,MIR409
chr14,94,META6,LINC00524
chr14,94,META6,LINC02314
chr14,94,META6,DIO3
chr14,94,META6,DIO3OS
chr14,94,META6,MIR1247
chr14,94,META6,LINC00239
chr14,94,META6,DEGS2
chr14,94,META6,WARS1
chr14,94,META6,SLC25A29
chr14,94,META6,DLK1
chr14,94,META6,RTL1
chr14,94,META6,MEG3
chr14,94,META6,MIR376A2
chr14,94,META6,MEG9
chr14,94,META6,LINC02285
chr14,94,META6,EVL
chr14,94,META6,EML1
chr14,94,META6,YY1
chr14,94,META6,WDR25
chr14,94,META6,MEG8
chr14,94,META6,LINC00523
chr15,95,META6,GABPB1-IT1
chr15,95,META6,MIR4712
chr15,95,META6,GABPB1-AS1
chr15,95,META6,DCAF13P3
chr15,95,META6,MIR4713
chr15,95,META6,MIR7973-2
chr15,95,META6,MIR7973-1
chr15,95,META6,HDC
chr15,95,META6,USP50
chr15,95,META6,TNFAIP8L3
chr15,95,META6,CYP19A1
chr15,95,META6,SCG3
chr15,95,META6,SLC27A2
chr15,95,META6,ATP8B4
chr15,95,META6,MIR4713HG
chr15,95,META6,TRPM7
chr15,95,META6,AP4E1
chr15,95,META6,USP8
chr15,95,META6,SPPL2A
chr15,95,META6,DMXL2
chr15,95,META6,GLDN
chr15,95,META6,GABPB1
chr15,96,META6,LINC02349
chr15,96,META6,LOC101928907
chr15,96,META6,C2CD4A
chr15,96,META6,C2CD4B
chr15,96,META6,LOC107984784
chr15,96,META6,MIR8067
chr15,96,META6,MIR6085
chr15,96,META6,MGC15885
chr15,96,META6,GOLGA2P11
chr15,96,META6,TLN2
chr15,96,META6,VPS13C
chr15,96,META6,RORA
chr15,97,META6,MIR422A
chr15,97,META6,SNX22
chr15,97,META6,MIR1272
chr15,97,META6,PIF1
chr15,97,META6,SLC51B
chr15,97,META6,SNORA24B
chr15,97,META6,RNU5A-1
chr15,97,META6,RNU5B-1
chr15,97,META6,LOC101928988
chr15,97,META6,CIAO2A
chr15,97,META6,PPIB
chr15,97,META6,SNX1
chr15,97,META6,PCLAF
chr15,97,META6,TRIP4
chr15,97,META6,OAZ2
chr15,97,META6,PLEKHO2
chr15,97,META6,ANKDD1A
chr15,97,META6,SPG21
chr15,97,META6,RASL12
chr15,97,META6,PDCD7
chr15,97,META6,KBTBD13
chr15,97,META6,UBAP1L
chr15,97,META6,CILP
chr15,97,META6,CLPX
chr15,97,META6,IGDCC3
chr15,97,META6,DPP8
chr15,97,META6,INTS14
chr15,97,META6,HERC1
chr15,97,META6,CSNK1G1
chr15,97,META6,ZNF609
chr15,97,META6,RBPMS2
chr15,97,META6,HACD3
chr15,97,META6,PARP16
chr15,97,META6,IGDCC4
chr15,97,META6,MTFMT
chr15,97,META6,DAPK2
chr15,98,META6,MRPS11
chr15,98,META6,MRPL46
chr15,98,META6,MIR3529
chr15,98,META6,MIR7-2
chr15,98,META6,MIR1179
chr15,98,META6,AEN
chr15,98,META6,MIR6766
chr15,98,META6,MIR9-3
chr15,98,META6,MESP1
chr15,98,META6,MESP2
chr15,98,META6,MIR5094
chr15,98,META6,MIR5009
chr15,98,META6,NTRK3-AS1
chr15,98,META6,DET1
chr15,98,META6,LINC01586
chr15,98,META6,ISG20
chr15,98,META6,MFGE8
chr15,98,META6,HAPLN3
chr15,98,META6,RLBP1
chr15,98,META6,POLG
chr15,98,META6,RHCG
chr15,98,META6,LOC105371031
chr15,98,META6,TICRR
chr15,98,META6,PLIN1
chr15,98,META6,PEX11A
chr15,98,META6,WDR93
chr15,98,META6,AP3S2
chr15,98,META6,ANPEP
chr15,98,META6,ARPIN
chr15,98,META6,ARPIN-AP3S2
chr15,98,META6,ACAN
chr15,98,META6,FANCI
chr15,98,META6,MIR9-3HG
chr15,98,META6,LINC00928
chr15,98,META6,KIF7
chr15,98,META6,NTRK3
chr15,98,META6,ABHD2
chr16,99,META6,RHBDL1
chr16,99,META6,STUB1
chr16,99,META6,LINC02867
chr16,99,META6,JMJD8
chr16,99,META6,METRN
chr16,99,META6,HAGHL
chr16,99,META6,ANTKMT
chr16,99,META6,CCDC78
chr16,99,META6,MSLN
chr16,99,META6,MIR662
chr16,99,META6,GNG13
chr16,99,META6,CHTF18
chr16,99,META6,PRR25
chr16,99,META6,CEROX1
chr16,99,META6,C1QTNF8
chr16,99,META6,TPSG1
chr16,99,META6,TPSAB1
chr16,99,META6,TPSD1
chr16,99,META6,TSR3
chr16,99,META6,C16orf91
chr16,99,META6,PERCC1
chr16,99,META6,PTX4
chr16,99,META6,MIR3177
chr16,99,META6,EME2
chr16,99,META6,NME3
chr16,99,META6,MRPS34
chr16,99,META6,SPSB3
chr16,99,META6,IGFALS
chr16,99,META6,FAHD1
chr16,99,META6,LINC02124
chr16,99,META6,MSRB1
chr16,99,META6,NDUFB10
chr16,99,META6,SNHG9
chr16,99,META6,SNORA10
chr16,99,META6,SNORA64
chr16,99,META6,SNORA78
chr16,99,META6,RPS2
chr16,99,META6,RNF151
chr16,99,META6,NOXO1
chr16,99,META6,SYNGR3
chr16,99,META6,GFER
chr16,99,META6,NPW
chr16,99,META6,NTHL1
chr16,99,META6,SLC9A3R2
chr16,99,META6,LOC105371049
chr16,99,META6,MIR1225
chr16,99,META6,MIR6511B1
chr16,99,META6,MIR6511B2
chr16,99,META6,MIR4516
chr16,99,META6,MIR3180-5
chr16,99,META6,SNORD60
chr16,99,META6,RAB26
chr16,99,META6,SNHG19
chr16,99,META6,MLST8
chr16,99,META6,BRICD5
chr16,99,META6,DNASE1L2
chr16,99,META6,LOC106660606
chr16,99,META6,MIR940
chr16,99,META6,MIR3677
chr16,99,META6,MIR4717
chr16,99,META6,MIR6767
chr16,99,META6,MIR6768
chr16,99,META6,LOC729652
chr16,99,META6,TEDC2
chr16,99,META6,ATP6V0C
chr16,99,META6,CEMP1
chr16,99,META6,MIR3178
chr16,99,META6,FLJ42627
chr16,99,META6,RHOT2
chr16,99,META6,CIAO3
chr16,99,META6,FBXL16
chr16,99,META6,WDR24
chr16,99,META6,SOX8
chr16,99,META6,LMF1-AS1
chr16,99,META6,SSTR5
chr16,99,META6,SSTR5-AS1
chr16,99,META6,TPSB2
chr16,99,META6,UNKL
chr16,99,META6,BAIAP3
chr16,99,META6,GNPTG
chr16,99,META6,CLCN7
chr16,99,META6,TMEM204
chr16,99,META6,TELO2
chr16,99,META6,LOC105371046
chr16,99,META6,CRAMP1
chr16,99,META6,JPT2
chr16,99,META6,MAPK8IP3
chr16,99,META6,HAGH
chr16,99,META6,NUBP2
chr16,99,META6,LINC00254
chr16,99,META6,RPL3L
chr16,99,META6,HS3ST6
chr16,99,META6,TSC2
chr16,99,META6,TBL3
chr16,99,META6,ZNF598
chr16,99,META6,CASKIN1
chr16,99,META6,PGP
chr16,99,META6,TRAF7
chr16,99,META6,ECI1
chr16,99,META6,RNPS1
chr16,99,META6,ABCA3
chr16,99,META6,CCNF
chr16,99,META6,NTN3
chr16,99,META6,AMDHD2
chr16,99,META6,PDPK1
chr16,99,META6,ERVK13-1
chr16,99,META6,RPUSD1
chr16,99,META6,LMF1
chr16,99,META6,WDR90
chr16,99,META6,UBE2I
chr16,99,META6,MEIOB
chr16,99,META6,IFT140
chr16,99,META6,CCDC154
chr16,99,META6,CACNA1H
chr16,99,META6,TBC1D24
chr16,99,META6,ABCA17P
chr16,99,META6,LOC652276
chr16,99,META6,E4F1
chr16,99,META6,PKD1
chr16,100,META6,NPIPA7
chr16,100,META6,LOC100288162
chr16,100,META6,MIR6511A1
chr16,100,META6,MIR6511A3
chr16,100,META6,MIR6511A4
chr16,100,META6,MIR6511A2
chr16,100,META6,MIR6770-1
chr16,100,META6,MIR6770-2
chr16,100,META6,MIR6770-3
chr16,100,META6,MIR3180-1
chr16,100,META6,MIR3180-3
chr16,100,META6,MIR3180-2
chr16,100,META6,MIR3670-2
chr16,100,META6,MIR3670-3
chr16,100,META6,MIR3670-4
chr16,100,META6,MIR3179-1
chr16,100,META6,MIR3179-2
chr16,100,META6,MIR3179-3
chr16,100,META6,MIR3179-4
chr16,100,META6,MIR3670-1
chr16,100,META6,RPS15A
chr16,100,META6,LOC102723385
chr16,100,META6,NPIPA8
chr16,100,META6,PKD1P5-LOC105376752
chr16,100,META6,ABCC6P1
chr16,100,META6,NOMO2
chr16,100,META6,ARL6IP1
chr16,100,META6,ITPRIPL2
chr16,100,META6,COQ7
chr16,100,META6,CLEC19A
chr16,100,META6,TMC5
chr16,100,META6,GDE1
chr16,100,META6,KNOP1
chr16,100,META6,GPRC5B
chr16,100,META6,PKD1P4-NPIPA8
chr16,100,META6,TMC7
chr16,100,META6,VPS35L
chr16,100,META6,IQCK
chr16,100,META6,CCP110
chr16,100,META6,SYT17
chr16,100,META6,GPR139
chr16,100,META6,SMG1
chr16,101,META6,MIR6862-1
chr16,101,META6,MIR6862-2
chr16,101,META6,IL27
chr16,101,META6,APOBR
chr16,101,META6,NUPR1
chr16,101,META6,SULT1A2
chr16,101,META6,MIR4721
chr16,101,META6,TUFM
chr16,101,META6,ATP2A1-AS1
chr16,101,META6,MIR4517
chr16,101,META6,NFATC2IP
chr16,101,META6,LAT
chr16,101,META6,BOLA2B
chr16,101,META6,BOLA2-SMG1P6
chr16,101,META6,SLX1B
chr16,101,META6,BOLA2
chr16,101,META6,LOC606724
chr16,101,META6,SLX1A
chr16,101,META6,SULT1A3
chr16,101,META6,LOC388242
chr16,101,META6,LOC613038
chr16,101,META6,SULT1A4
chr16,101,META6,MIR3680-2
chr16,101,META6,MIR3680-1
chr16,101,META6,SPN
chr16,101,META6,C16orf54
chr16,101,META6,ZG16
chr16,101,META6,MAZ
chr16,101,META6,PRRT2
chr16,101,META6,CDIPT
chr16,101,META6,EIF3C
chr16,101,META6,NPIPB6
chr16,101,META6,EIF3CL
chr16,101,META6,CLN3
chr16,101,META6,SULT1A1
chr16,101,META6,NPIPB8
chr16,101,META6,NPIPB9
chr16,101,META6,SH2B1
chr16,101,META6,CD19
chr16,101,META6,ATP2A1
chr16,101,META6,RABEP2
chr16,101,META6,SPNS1
chr16,101,META6,SMG1P6
chr16,101,META6,SLX1A-SULT1A3
chr16,101,META6,SLX1B-SULT1A4
chr16,101,META6,NPIPB11
chr16,101,META6,SMG1P2
chr16,101,META6,QPRT
chr16,101,META6,KIF22
chr16,101,META6,MVP
chr16,101,META6,CDIPTOSP
chr16,101,META6,PAGR1
chr16,101,META6,GSG1L
chr16,101,META6,XPO6
chr16,101,META6,ATXN2L
chr16,101,META6,RRN3P2
chr16,101,META6,SGF29
chr16,101,META6,SEZ6L2
chr16,101,META6,NPIPB12
chr16,101,META6,SBK1
chr16,101,META6,SNX29P2
chr16,102,META6,ALDOA
chr16,102,META6,YPEL3
chr16,102,META6,TBX6
chr16,102,META6,GDPD3
chr16,102,META6,MAPK3
chr16,102,META6,BOLA2B
chr16,102,META6,CORO1A
chr16,102,META6,BOLA2
chr16,102,META6,LOC606724
chr16,102,META6,LOC388242
chr16,102,META6,LOC613038
chr16,102,META6,SULT1A3
chr16,102,META6,SULT1A4
chr16,102,META6,CD2BP2
chr16,102,META6,SEPTIN1
chr16,102,META6,ZNF48
chr16,102,META6,SNORA80C
chr16,102,META6,SEPHS2
chr16,102,META6,MIR4518
chr16,102,META6,ZNF768
chr16,102,META6,ZNF747
chr16,102,META6,ZNF688
chr16,102,META6,ZNF785
chr16,102,META6,FBRS
chr16,102,META6,LOC730183
chr16,102,META6,SNORA30
chr16,102,META6,TMEM265
chr16,102,META6,CCDC189
chr16,102,META6,MIR4519
chr16,102,META6,BCL7C
chr16,102,META6,MIR762
chr16,102,META6,FBXL19-AS1
chr16,102,META6,HSD3B7
chr16,102,META6,STX4
chr16,102,META6,VKORC1
chr16,102,META6,PRSS53
chr16,102,META6,BCKDK
chr16,102,META6,PRSS8
chr16,102,META6,FUS
chr16,102,META6,PYCARD-AS1
chr16,102,META6,PYCARD
chr16,102,META6,PYDC1
chr16,102,META6,COX6A2
chr16,102,META6,ARMC5
chr16,102,META6,AHSP
chr16,102,META6,LINC02190
chr16,102,META6,FRG2KP
chr16,102,META6,YBX3P1
chr16,102,META6,VN1R3
chr16,102,META6,PPP4C
chr16,102,META6,LOC101928595
chr16,102,META6,LOC112694756
chr16,102,META6,NPIPB13
chr16,102,META6,SLX1B
chr16,102,META6,SLX1A-SULT1A3
chr16,102,META6,SLX1B-SULT1A4
chr16,102,META6,NPIPB12
chr16,102,META6,SLX1A
chr16,102,META6,MYLPF
chr16,102,META6,SMG1P5
chr16,102,META6,TBC1D10B
chr16,102,META6,DCTPP1
chr16,102,META6,ITGAL
chr16,102,META6,PRR14
chr16,102,META6,ZNF689
chr16,102,META6,ZNF764
chr16,102,META6,ZNF629
chr16,102,META6,RNF40
chr16,102,META6,PHKG2
chr16,102,META6,SRCAP
chr16,102,META6,MIR762HG
chr16,102,META6,CTF1
chr16,102,META6,SETD1A
chr16,102,META6,STX1B
chr16,102,META6,ORAI3
chr16,102,META6,KAT8
chr16,102,META6,PRSS36
chr16,102,META6,ZNF646
chr16,102,META6,TRIM72
chr16,102,META6,ITGAD
chr16,102,META6,ITGAX
chr16,102,META6,ZNF843
chr16,102,META6,TGFB1I1
chr16,102,META6,RUSF1
chr16,102,META6,SLC5A2
chr16,102,META6,CLUHP3
chr16,102,META6,ZNF267
chr16,102,META6,ITGAM
chr16,102,META6,ZNF668
chr16,102,META6,FBXL19
chr16,102,META6,ZNF720
chr16,102,META6,ZNF771
chr16,103,META6,MIR6771
chr16,103,META6,LINC02178
chr16,103,META6,LOC101927272
chr16,103,META6,MIR3181
chr16,103,META6,SALL1
chr16,103,META6,LINC01571
chr16,103,META6,CNEP1R1
chr16,103,META6,ADCY7
chr16,103,META6,SNX20
chr16,103,META6,CYLD
chr16,103,META6,LINC02168
chr16,103,META6,LINC02127
chr16,103,META6,HEATR3
chr16,103,META6,TENT4B
chr16,103,META6,ZNF423
chr16,103,META6,NOD2
chr16,103,META6,NKD1
chr16,103,META6,MIR548AI
chr16,103,META6,BRD7
chr16,104,META6,LINC01571
chr16,104,META6,LINC02180
chr16,104,META6,LOC643802
chr16,104,META6,LINC00919
chr16,104,META6,CASC22
chr16,104,META6,TOX3
chr16,104,META6,LOC105371267
chr16,104,META6,LOC102723373
chr16,104,META6,AKTIP
chr16,104,META6,CHD9
chr16,104,META6,CASC16
chr16,104,META6,RPGRIP1L
chr16,104,META6,RBL2
chr16,105,META6,LINC02180
chr16,105,META6,LOC643802
chr16,105,META6,RPGRIP1L
chr16,105,META6,LINC00919
chr16,105,META6,CASC22
chr16,105,META6,TOX3
chr16,105,META6,LOC105371267
chr16,105,META6,LOC102723373
chr16,105,META6,AKTIP
chr16,105,META6,CHD9
chr16,105,META6,CASC16
chr16,105,META6,FTO
chr16,105,META6,RBL2
chr17,106,META6,LOC103021295
chr17,106,META6,GGT6
chr17,106,META6,LINC01996
chr17,106,META6,LOC101559451
chr17,106,META6,MED11
chr17,106,META6,ZMYND15
chr17,106,META6,TM4SF5
chr17,106,META6,PSMB6
chr17,106,META6,VMO1
chr17,106,META6,GLTPD2
chr17,106,META6,C17orf107
chr17,106,META6,RNF167
chr17,106,META6,GP1BA
chr17,106,META6,SLC25A11
chr17,106,META6,ENO3
chr17,106,META6,MIR6864
chr17,106,META6,MIR6865
chr17,106,META6,KIF1C-AS1
chr17,106,META6,SLC52A1
chr17,106,META6,ZNF232-AS1
chr17,106,META6,ZNF594
chr17,106,META6,C1QBP
chr17,106,META6,DHX33-DT
chr17,106,META6,LOC728392
chr17,106,META6,LINC01975
chr17,106,META6,CYB5D2
chr17,106,META6,MYBBP1A
chr17,106,META6,SPNS2
chr17,106,META6,PELP1
chr17,106,META6,ALOX15
chr17,106,META6,PLD2
chr17,106,META6,CXCL16
chr17,106,META6,PFN1
chr17,106,META6,CHRNE
chr17,106,META6,SPAG7
chr17,106,META6,ZFP3
chr17,106,META6,KIF1C
chr17,106,META6,INCA1
chr17,106,META6,USP6
chr17,106,META6,SCIMP
chr17,106,META6,LOC100130950
chr17,106,META6,RABEP1
chr17,106,META6,DERL2
chr17,106,META6,DHX33
chr17,106,META6,RPAIN
chr17,106,META6,NUP88
chr17,106,META6,MIS12
chr17,106,META6,NLRP1
chr17,106,META6,ATP2A3
chr17,106,META6,ZZEF1
chr17,106,META6,MINK1
chr17,106,META6,SMTNL2
chr17,106,META6,ZNF232
chr17,106,META6,ARRB2
chr17,106,META6,SPNS3
chr17,106,META6,CAMTA2
chr17,106,META6,UBE2G1
chr17,106,META6,LOC339166
chr17,106,META6,ANKFY1
chr17,107,META6,AIPL1
chr17,107,META6,PIMREG
chr17,107,META6,MED31
chr17,107,META6,TXNDC17
chr17,107,META6,MIR4520-1
chr17,107,META6,MIR4520-2
chr17,107,META6,ALOX15P1
chr17,107,META6,ALOX12
chr17,107,META6,MIR195
chr17,107,META6,C17orf49
chr17,107,META6,RNASEK
chr17,107,META6,RNASEK-C17orf49
chr17,107,META6,MIR497HG
chr17,107,META6,MIR497
chr17,107,META6,SLC16A11
chr17,107,META6,SLC16A13
chr17,107,META6,ACADVL
chr17,107,META6,MIR324
chr17,107,META6,PHF23
chr17,107,META6,CTDNEP1
chr17,107,META6,CLDN7
chr17,107,META6,SLC2A4
chr17,107,META6,EIF5A
chr17,107,META6,GPS2
chr17,107,META6,KCTD11
chr17,107,META6,PLSCR3
chr17,107,META6,TMEM256-PLSCR3
chr17,107,META6,TMEM256
chr17,107,META6,SPEM1
chr17,107,META6,NLGN2
chr17,107,META6,SPEM3
chr17,107,META6,TMEM102
chr17,107,META6,SPEM2
chr17,107,META6,FGF11
chr17,107,META6,SLC35G6
chr17,107,META6,TNFSF13
chr17,107,META6,EIF4A1
chr17,107,META6,SNORA48
chr17,107,META6,SNORD10
chr17,107,META6,SNORA67
chr17,107,META6,CD68
chr17,107,META6,LOC100996842
chr17,107,META6,SOX15
chr17,107,META6,SHBG
chr17,107,META6,SAT2
chr17,107,META6,TP53
chr17,107,META6,EFNB3
chr17,107,META6,RPL29P2
chr17,107,META6,NAA38
chr17,107,META6,CYB5D1
chr17,107,META6,TMEM88
chr17,107,META6,SCARNA21
chr17,107,META6,KCNAB3
chr17,107,META6,TRAPPC1
chr17,107,META6,MIR4314
chr17,107,META6,HES7
chr17,107,META6,MIR6883
chr17,107,META6,SNORD118
chr17,107,META6,MIR4521
chr17,107,META6,BORCS6
chr17,107,META6,LINC00324
chr17,107,META6,C17orf100
chr17,107,META6,KIAA0753
chr17,107,META6,XAF1
chr17,107,META6,SLC13A5
chr17,107,META6,FBXO39
chr17,107,META6,ALOX12P2
chr17,107,META6,BCL6B
chr17,107,META6,ALOX12-AS1
chr17,107,META6,DLG4
chr17,107,META6,ASGR2
chr17,107,META6,ASGR1
chr17,107,META6,NEURL4
chr17,107,META6,GABARAP
chr17,107,META6,ELP5
chr17,107,META6,DVL2
chr17,107,META6,YBX2
chr17,107,META6,TNK1
chr17,107,META6,TMEM95
chr17,107,META6,CHRNB1
chr17,107,META6,TNFSF12-TNFSF13
chr17,107,META6,TNFSF12
chr17,107,META6,MPDU1
chr17,107,META6,POLR2A
chr17,107,META6,SENP3-EIF4A1
chr17,107,META6,SENP3
chr17,107,META6,ATP1B2
chr17,107,META6,WRAP53
chr17,107,META6,KDM6B
chr17,107,META6,CNTROB
chr17,107,META6,CHD3
chr17,107,META6,RNF227
chr17,107,META6,GUCY2D
chr17,107,META6,ALOXE3
chr17,107,META6,ALOX12B
chr17,107,META6,ALOX15B
chr17,107,META6,AURKB
chr17,107,META6,CTC1
chr17,107,META6,TMEM107
chr17,107,META6,VAMP2
chr17,107,META6,PER1
chr17,107,META6,PITPNM3
chr17,107,META6,CLEC10A
chr17,107,META6,TEKT1
chr17,107,META6,ZBTB4
chr17,107,META6,DNAH2
chr17,107,META6,FXR2
chr17,107,META6,ACAP1
chr17,107,META6,RANGRF
chr17,107,META6,ARHGEF15
chr17,107,META6,ODF4
chr17,107,META6,KRBA2
chr17,107,META6,LOC100128288
chr17,107,META6,RPL26
chr17,107,META6,RNF222
chr17,107,META6,SLC25A35
chr17,107,META6,NDEL1
chr17,107,META6,PFAS
chr17,107,META6,MYH10
chr17,108,META6,MIR4731
chr17,108,META6,CDRT3
chr17,108,META6,TBC1D26
chr17,108,META6,CDRT15P2
chr17,108,META6,MEIS3P1
chr17,108,META6,SNORD163
chr17,108,META6,MIR1288
chr17,108,META6,UBB
chr17,108,META6,SNHG29
chr17,108,META6,SNORD49B
chr17,108,META6,SNORD49A
chr17,108,META6,SNORD65
chr17,108,META6,FAM106C
chr17,108,META6,KRT16P2
chr17,108,META6,LOC284191
chr17,108,META6,LINC02090
chr17,108,META6,CDRT8
chr17,108,META6,PMP22
chr17,108,META6,TVP23C
chr17,108,META6,ZNF286A
chr17,108,META6,TRIM16
chr17,108,META6,LINC02087
chr17,108,META6,ADORA2B
chr17,108,META6,TTC19
chr17,108,META6,CENPV
chr17,108,META6,TRPV2
chr17,108,META6,LRRC75A
chr17,108,META6,ZNF287
chr17,108,META6,USP32P1
chr17,108,META6,KRT17P1
chr17,108,META6,TNFRSF13B
chr17,108,META6,TBC1D27P
chr17,108,META6,CDRT4
chr17,108,META6,TVP23C-CDRT4
chr17,108,META6,CDRT1
chr17,108,META6,TEKT3
chr17,108,META6,ZSWIM7
chr17,108,META6,NCOR1
chr17,108,META6,ZNF624
chr17,108,META6,PIGL
chr17,108,META6,MPRIP
chr17,108,META6,CCDC144A
chr17,109,META6,KRT16P2
chr17,109,META6,LOC284191
chr17,109,META6,LINC02090
chr17,109,META6,RASD1
chr17,109,META6,SMCR2
chr17,109,META6,SMCR5
chr17,109,META6,MIR33B
chr17,109,META6,MIR6777
chr17,109,META6,SREBF1
chr17,109,META6,LOC105371566
chr17,109,META6,MIEF2
chr17,109,META6,MIR6778
chr17,109,META6,LINC02076
chr17,109,META6,KRT17P5
chr17,109,META6,KRT17P2
chr17,109,META6,KRT16P1
chr17,109,META6,FAM106A
chr17,109,META6,TBC1D28
chr17,109,META6,TRIM16L
chr17,109,META6,KRT17P1
chr17,109,META6,TNFRSF13B
chr17,109,META6,TBC1D27P
chr17,109,META6,FLCN
chr17,109,META6,COPS3
chr17,109,META6,PLD6
chr17,109,META6,NT5M
chr17,109,META6,MED9
chr17,109,META6,RAI1-AS1
chr17,109,META6,DRC3
chr17,109,META6,GID4
chr17,109,META6,ATPAF2
chr17,109,META6,DRG2
chr17,109,META6,MYO15A
chr17,109,META6,ALKBH5
chr17,109,META6,FLII
chr17,109,META6,TOP3A
chr17,109,META6,LLGL1
chr17,109,META6,SMCR8
chr17,109,META6,EVPLL
chr17,109,META6,USP32P2
chr17,109,META6,FOXO3B
chr17,109,META6,ZNF286B
chr17,109,META6,TVP23B
chr17,109,META6,FBXW10
chr17,109,META6,PEMT
chr17,109,META6,RAI1
chr17,109,META6,MPRIP
chr17,109,META6,SHMT1
chr17,109,META6,LGALS9C
chr17,109,META6,CCDC144B
chr17,109,META6,TOM1L2
chr17,110,META6,SH3GL1P2
chr17,110,META6,DPRXP4
chr17,110,META6,MIR4733
chr17,110,META6,OMG
chr17,110,META6,EVI2A
chr17,110,META6,MIR4724
chr17,110,META6,MIR193A
chr17,110,META6,MIR4725
chr17,110,META6,MIR365B
chr17,110,META6,COPRS
chr17,110,META6,SH3GL1P1
chr17,110,META6,LOC105371730
chr17,110,META6,ARGFXP2
chr17,110,META6,TMIGD1
chr17,110,META6,GOSR1
chr17,110,META6,SMURF2P1-LRRC37BP1
chr17,110,META6,SUZ12P1
chr17,110,META6,ATAD5
chr17,110,META6,TEFM
chr17,110,META6,RNF135
chr17,110,META6,LOC107984974
chr17,110,META6,LOC646030
chr17,110,META6,EVI2B
chr17,110,META6,RAB11FIP4
chr17,110,META6,UTP6
chr17,110,META6,LRRC37B
chr17,110,META6,RHOT1
chr17,110,META6,RHBDL3
chr17,110,META6,NF1
chr17,110,META6,ADAP2
chr17,110,META6,CRLF3
chr17,110,META6,SUZ12
chr17,110,META6,CPD
chr17,111,META6,EIF1
chr17,111,META6,P3H4
chr17,111,META6,FKBP10
chr17,111,META6,KAT2A
chr17,111,META6,HCRT
chr17,111,META6,GHDC
chr17,111,META6,MIR548AT
chr17,111,META6,MIR5010
chr17,111,META6,NAGLU
chr17,111,META6,HSD17B1
chr17,111,META6,LOC108783654
chr17,111,META6,PSMC3IP
chr17,111,META6,MLX
chr17,111,META6,PLEKHH3
chr17,111,META6,MIR6780A
chr17,111,META6,RAMP2-AS1
chr17,111,META6,COA3
chr17,111,META6,MIR6781
chr17,111,META6,PSME3
chr17,111,META6,AOC3
chr17,111,META6,AOC2
chr17,111,META6,AOC4P
chr17,111,META6,RPL27
chr17,111,META6,VAT1
chr17,111,META6,RND2
chr17,111,META6,TMEM106A
chr17,111,META6,CCDC200
chr17,111,META6,RNU2-1
chr17,111,META6,ARL4D
chr17,111,META6,MIR2117
chr17,111,META6,ETV4
chr17,111,META6,KRT42P
chr17,111,META6,HAP1
chr17,111,META6,JUP
chr17,111,META6,GAST
chr17,111,META6,KLHL10
chr17,111,META6,ACLY
chr17,111,META6,KLHL11
chr17,111,META6,NT5C3B
chr17,111,META6,C17orf113
chr17,111,META6,NKIRAS2
chr17,111,META6,DNAJC7
chr17,111,META6,CNP
chr17,111,META6,RAB5C
chr17,111,META6,HSPB9
chr17,111,META6,DHX58
chr17,111,META6,KCNH4
chr17,111,META6,STAT5A
chr17,111,META6,CAVIN1
chr17,111,META6,COASY
chr17,111,META6,CNTNAP1
chr17,111,META6,TUBG1
chr17,111,META6,CCR10
chr17,111,META6,TUBG2
chr17,111,META6,BECN1
chr17,111,META6,RAMP2
chr17,111,META6,WNK4
chr17,111,META6,VPS25
chr17,111,META6,CNTD1
chr17,111,META6,PTGES3L
chr17,111,META6,LINC00671
chr17,111,META6,PTGES3L-AARSD1
chr17,111,META6,G6PC
chr17,111,META6,AARSD1
chr17,111,META6,IFI35
chr17,111,META6,NBR1
chr17,111,META6,NBR2
chr17,111,META6,LOC101929767
chr17,111,META6,MIR2117HG
chr17,111,META6,STAT3
chr17,111,META6,ATP6V0A1
chr17,111,META6,EZH1
chr17,111,META6,STAT5B
chr17,111,META6,RETREG3
chr17,111,META6,ZNF385C
chr17,111,META6,DHX8
chr17,111,META6,BRCA1
chr17,111,META6,LINC00910
chr17,111,META6,RUNDC1
chr17,111,META6,TTC25
chr17,112,META6,ARL4D
chr17,112,META6,MIR2117
chr17,112,META6,ETV4
chr17,112,META6,SOST
chr17,112,META6,CFAP97D1
chr17,112,META6,CD300LG
chr17,112,META6,FAM215A
chr17,112,META6,LINC01976
chr17,112,META6,TMEM101
chr17,112,META6,LOC105371789
chr17,112,META6,ASB16-AS1
chr17,112,META6,ATXN7L3
chr17,112,META6,MIR6782
chr17,112,META6,UBTF
chr17,112,META6,RUNDC3A
chr17,112,META6,SLC25A39
chr17,112,META6,FAM171A2
chr17,112,META6,FZD2
chr17,112,META6,HIGD1B
chr17,112,META6,CCDC103
chr17,112,META6,FAM187A
chr17,112,META6,GFAP
chr17,112,META6,MIR6783
chr17,112,META6,C1QL1
chr17,112,META6,MIR6784
chr17,112,META6,HEXIM1
chr17,112,META6,HEXIM2
chr17,112,META6,SPATA32
chr17,112,META6,MAP3K14-AS1
chr17,112,META6,MIR2117HG
chr17,112,META6,MPP3
chr17,112,META6,MPP2
chr17,112,META6,NAGS
chr17,112,META6,PPY
chr17,112,META6,PYY
chr17,112,META6,G6PC3
chr17,112,META6,HDAC5
chr17,112,META6,HROB
chr17,112,META6,TMUB2
chr17,112,META6,SLC4A1
chr17,112,META6,ITGA2B
chr17,112,META6,GRN
chr17,112,META6,LINC01180
chr17,112,META6,MEIOC
chr17,112,META6,CCDC43
chr17,112,META6,ADAM11
chr17,112,META6,DBF4B
chr17,112,META6,EFTUD2
chr17,112,META6,KIF18B
chr17,112,META6,DCAKD
chr17,112,META6,ACBD4
chr17,112,META6,LOC105371795
chr17,112,META6,PLCD3
chr17,112,META6,FMNL1
chr17,112,META6,MAP3K14
chr17,112,META6,DHX8
chr17,112,META6,MEOX1
chr17,112,META6,LINC00910
chr17,112,META6,DUSP3
chr17,112,META6,GPATCH8
chr17,112,META6,RUNDC3A-AS1
chr17,112,META6,GJC1
chr17,112,META6,ASB16
chr17,112,META6,LOC339192
chr17,112,META6,LSM12
chr17,112,META6,NMT1
chr17,112,META6,ARHGAP27
chr17,113,META6,SPATA32
chr17,113,META6,MAP3K14-AS1
chr17,113,META6,MIR4315-1
chr17,113,META6,MIR4315-2
chr17,113,META6,ARL17B
chr17,113,META6,ARL17A
chr17,113,META6,MAPK8IP1P2
chr17,113,META6,SPPL2C
chr17,113,META6,MAPT-IT1
chr17,113,META6,STH
chr17,113,META6,KANSL1-AS1
chr17,113,META6,MIR5089
chr17,113,META6,RPRML
chr17,113,META6,FMNL1
chr17,113,META6,MAP3K14
chr17,113,META6,ARHGAP27
chr17,113,META6,LRRC37A4P
chr17,113,META6,LINC02210
chr17,113,META6,CRHR1
chr17,113,META6,LRRC37A
chr17,113,META6,NSFP1
chr17,113,META6,WNT9B
chr17,113,META6,MYL4
chr17,113,META6,MAPT
chr17,113,META6,LINC02210-CRHR1
chr17,113,META6,PLEKHM1
chr17,113,META6,MAPT-AS1
chr17,113,META6,GOSR2
chr17,113,META6,NSF
chr17,113,META6,LRRC37A2
chr17,113,META6,WNT3
chr17,113,META6,CDC27
chr17,113,META6,KANSL1
chr17,114,META6,MIR5089
chr17,114,META6,RPRML
chr17,114,META6,LRRC46
chr17,114,META6,SCRN2
chr17,114,META6,SP6
chr17,114,META6,LOC102724532
chr17,114,META6,PNPO
chr17,114,META6,MIR152
chr17,114,META6,COPZ2
chr17,114,META6,MIR10226
chr17,114,META6,MIR1203
chr17,114,META6,ARL17B
chr17,114,META6,ARL17A
chr17,114,META6,NSFP1
chr17,114,META6,WNT9B
chr17,114,META6,MYL4
chr17,114,META6,ITGB3
chr17,114,META6,EFCAB13
chr17,114,META6,MRPL45P2
chr17,114,META6,KPNB1
chr17,114,META6,TBX21
chr17,114,META6,MRPL10
chr17,114,META6,OSBPL7
chr17,114,META6,SP2-AS1
chr17,114,META6,PRR15L
chr17,114,META6,SP2
chr17,114,META6,NFE2L1
chr17,114,META6,CBX1
chr17,114,META6,SNX11
chr17,114,META6,THRA1/BTR
chr17,114,META6,LOC101927166
chr17,114,META6,HOXB1
chr17,114,META6,GOSR2
chr17,114,META6,NSF
chr17,114,META6,LRRC37A2
chr17,114,META6,WNT3
chr17,114,META6,NPEPPS
chr17,114,META6,THCAT158
chr17,114,META6,CDK5RAP3
chr17,114,META6,TBKBP1
chr17,114,META6,CDC27
chr17,114,META6,SKAP1
chr17,115,META6,GNGT2
chr17,115,META6,PHOSPHO1
chr17,115,META6,MIR6129
chr17,115,META6,LINC02075
chr17,115,META6,MIR6165
chr17,115,META6,SLC35B1
chr17,115,META6,FLJ45513
chr17,115,META6,DLX4
chr17,115,META6,DLX3
chr17,115,META6,H1-9P
chr17,115,META6,LINC01969
chr17,115,META6,TMEM92
chr17,115,META6,MRPL27
chr17,115,META6,CHAD
chr17,115,META6,ACSF2
chr17,115,META6,LOC105371824
chr17,115,META6,EPN3
chr17,115,META6,SPATA20
chr17,115,META6,ANKRD40
chr17,115,META6,MIR8059
chr17,115,META6,ANKRD40CL
chr17,115,META6,TOB1-AS1
chr17,115,META6,TOB1
chr17,115,META6,ABI3
chr17,115,META6,FLJ40194
chr17,115,META6,ZNF652
chr17,115,META6,LOC102724596
chr17,115,META6,NGFR
chr17,115,META6,NXPH3
chr17,115,META6,SPOP
chr17,115,META6,FAM117A
chr17,115,META6,TAC4
chr17,115,META6,PICART1
chr17,115,META6,SAMD14
chr17,115,META6,SGCA
chr17,115,META6,PPP1R9B
chr17,115,META6,PDK2
chr17,115,META6,TMEM92-AS1
chr17,115,META6,EME1
chr17,115,META6,LRRC59
chr17,115,META6,XYLT2
chr17,115,META6,CACNA1G-AS1
chr17,115,META6,MYCBPAP
chr17,115,META6,RSAD1
chr17,115,META6,ABCC3
chr17,115,META6,WFIKKN2
chr17,115,META6,B4GALNT2
chr17,115,META6,COL1A1
chr17,115,META6,LOC100288866
chr17,115,META6,KAT7
chr17,115,META6,PHB
chr17,115,META6,ITGA3
chr17,115,META6,CACNA1G
chr17,115,META6,SPAG9
chr17,115,META6,LUC7L3
chr17,116,META6,LOC101927855
chr17,116,META6,TBX2-AS1
chr17,116,META6,LINC02875
chr17,116,META6,NACA2
chr17,116,META6,TBX2
chr17,116,META6,TBC1D3P2
chr17,116,META6,METTL2A
chr17,116,META6,LOC105371855
chr17,116,META6,TBX4
chr17,116,META6,BRIP1
chr17,116,META6,TLK2
chr17,116,META6,MED13
chr17,116,META6,MRC2
chr17,116,META6,MARCHF10
chr17,116,META6,EFCAB3
chr17,116,META6,BCAS3
chr17,116,META6,INTS2
chr17,116,META6,MIR633
chr17,116,META6,MARCHF10-DT
chr17,116,META6,TANC2
chr17,117,META6,MIR548D2
chr17,117,META6,MIR548AA2
chr17,117,META6,SNORA38B
chr17,117,META6,ARHGAP27P2
chr17,117,META6,MIR635
chr17,117,META6,MIR4524A
chr17,117,META6,MIR4524B
chr17,117,META6,PRO1804
chr17,117,META6,PSMD12
chr17,117,META6,NOL11
chr17,117,META6,C17orf58
chr17,117,META6,KPNA2
chr17,117,META6,LINC00674
chr17,117,META6,AMZ2
chr17,117,META6,WIPI1
chr17,117,META6,PRKAR1A
chr17,117,META6,LINC01482
chr17,117,META6,ABCA9-AS1
chr17,117,META6,ABCA9
chr17,117,META6,ABCA6
chr17,117,META6,ABCA5
chr17,117,META6,BPTF
chr17,117,META6,PITPNC1
chr17,117,META6,ABCA8
chr17,117,META6,FAM20A
chr17,117,META6,SLC16A6
chr17,117,META6,ARSG
chr17,117,META6,ABCA10
chr17,118,META6,LINC01973
chr17,118,META6,SYNGR2
chr17,118,META6,AFMID
chr17,118,META6,SOCS3
chr17,118,META6,CEP295NL
chr17,118,META6,LGALS3BP
chr17,118,META6,LOC400622
chr17,118,META6,LOC100507351
chr17,118,META6,SEPTIN9
chr17,118,META6,TNRC6C
chr17,118,META6,C17orf99
chr17,118,META6,BIRC5
chr17,118,META6,TMEM235
chr17,118,META6,TMC8
chr17,118,META6,TK1
chr17,118,META6,LINC01993
chr17,118,META6,LOC101928674
chr17,118,META6,DNAH17-AS1
chr17,118,META6,SCAT1
chr17,118,META6,CYTH1
chr17,118,META6,USP36
chr17,118,META6,CANT1
chr17,118,META6,C1QTNF1-AS1
chr17,118,META6,ENGASE
chr17,118,META6,TMC6
chr17,118,META6,PGS1
chr17,118,META6,LINC01987
chr17,118,META6,LOC105371910
chr17,118,META6,DNAH17
chr17,118,META6,RBFOX3
chr17,118,META6,TIMP2
chr17,118,META6,C1QTNF1
chr17,119,META6,CHMP6
chr17,119,META6,BAIAP2-DT
chr17,119,META6,MIR657
chr17,119,META6,AATK
chr17,119,META6,MIR338
chr17,119,META6,MIR1250
chr17,119,META6,MIR3065
chr17,119,META6,NDUFAF8
chr17,119,META6,LINC00482
chr17,119,META6,MIR4740
chr17,119,META6,MIR3186
chr17,119,META6,FSCN2
chr17,119,META6,PDE6G
chr17,119,META6,TSPAN10
chr17,119,META6,OXLD1
chr17,119,META6,CCDC137
chr17,119,META6,ARL16
chr17,119,META6,MIR6786
chr17,119,META6,SLC25A10
chr17,119,META6,MCRIP1
chr17,119,META6,PPP1R27
chr17,119,META6,ANAPC11
chr17,119,META6,ALYREF
chr17,119,META6,NPB
chr17,119,META6,SIRT7
chr17,119,META6,MAFG-DT
chr17,119,META6,MYADML2
chr17,119,META6,RAC3
chr17,119,META6,CENPX
chr17,119,META6,LRRC45
chr17,119,META6,DCXR
chr17,119,META6,DCXR-DT
chr17,119,META6,GPS1
chr17,119,META6,DUS1L
chr17,119,META6,SNORD134
chr17,119,META6,SLC16A3
chr17,119,META6,MIR6787
chr17,119,META6,LINC01970
chr17,119,META6,CD7
chr17,119,META6,UTS2R
chr17,119,META6,CYBC1
chr17,119,META6,MIR4525
chr17,119,META6,LOC101929552
chr17,119,META6,BAIAP2
chr17,119,META6,CEP131
chr17,119,META6,PVALEF
chr17,119,META6,LOC105371925
chr17,119,META6,TEPSIN
chr17,119,META6,LOC100130370
chr17,119,META6,TMEM105
chr17,119,META6,ACTG1
chr17,119,META6,NPLOC4
chr17,119,META6,FAAP100
chr17,119,META6,HGS
chr17,119,META6,MRPL12
chr17,119,META6,ARHGDIA
chr17,119,META6,PCYT2
chr17,119,META6,GCGR
chr17,119,META6,P4HB
chr17,119,META6,PYCR1
chr17,119,META6,ASPSCR1
chr17,119,META6,NOTUM
chr17,119,META6,FASN
chr17,119,META6,CSNK1D
chr17,119,META6,HEXD
chr17,119,META6,SECTM1
chr17,119,META6,OGFOD3
chr17,119,META6,TEX19
chr17,119,META6,NARF
chr17,119,META6,WDR45B
chr17,119,META6,RAB40B
chr17,119,META6,FN3KRP
chr17,119,META6,FN3K
chr17,119,META6,BAHCC1
chr17,119,META6,SLC38A10
chr17,119,META6,RFNG
chr17,119,META6,CCDC57
chr17,119,META6,MAFG
chr17,119,META6,FOXK2
chr17,119,META6,B3GNTL1
chr17,119,META6,TBCD
chr17,119,META6,ZNF750
chr18,120,META6,CCDC178
chr18,120,META6,NOL4
chr18,120,META6,ASXL3
chr18,120,META6,DTNA
chr18,120,META6,MAPRE2
chr18,121,META6,SYT4
chr18,121,META6,LINC00907
chr18,121,META6,RIT2
chr19,122,META6,GAMT
chr19,122,META6,RPS15
chr19,122,META6,PCSK4
chr19,122,META6,REEP6
chr19,122,META6,PLK5
chr19,122,META6,UQCR11
chr19,122,META6,MIR1909
chr19,122,META6,LOC100288123
chr19,122,META6,KLF16
chr19,122,META6,ADAT3
chr19,122,META6,CSNK1G2-AS1
chr19,122,META6,MIR1227
chr19,122,META6,MIR6789
chr19,122,META6,PLEKHJ1
chr19,122,META6,MIR4321
chr19,122,META6,AMH
chr19,122,META6,JSRP1
chr19,122,META6,OAZ1
chr19,122,META6,TMPRSS9
chr19,122,META6,MIR7108
chr19,122,META6,TIMM13
chr19,122,META6,LINC01775
chr19,122,META6,GADD45B
chr19,122,META6,MIR7850
chr19,122,META6,ZNF556
chr19,122,META6,ZNF77
chr19,122,META6,TLE6
chr19,122,META6,TLE5
chr19,122,META6,S1PR4
chr19,122,META6,DAZAP1
chr19,122,META6,PWWP3A
chr19,122,META6,NDUFS7
chr19,122,META6,ADAMTSL5
chr19,122,META6,APC2
chr19,122,META6,C19orf25
chr19,122,META6,MEX3D
chr19,122,META6,TCF3
chr19,122,META6,MBD3
chr19,122,META6,ONECUT3
chr19,122,META6,ATP8B3
chr19,122,META6,ABHD17A
chr19,122,META6,SCAMP4
chr19,122,META6,MKNK2
chr19,122,META6,MOB3A
chr19,122,META6,BTBD2
chr19,122,META6,AP3D1
chr19,122,META6,SPPL2B
chr19,122,META6,SF3A2
chr19,122,META6,LSM7
chr19,122,META6,PEAK3
chr19,122,META6,LINGO3
chr19,122,META6,LMNB2
chr19,122,META6,SLC39A3
chr19,122,META6,DIRAS1
chr19,122,META6,SGTA
chr19,122,META6,ZNF554
chr19,122,META6,THOP1
chr19,122,META6,ZNF555
chr19,122,META6,ZNF57
chr19,122,META6,GNA11
chr19,122,META6,NCLN
chr19,122,META6,CSNK1G2
chr19,122,META6,REXO1
chr19,122,META6,DOT1L
chr19,122,META6,MIR1268A
chr19,122,META6,TLE2
chr19,122,META6,GNG7
chr19,122,META6,CELF5
chr19,122,META6,IZUMO4
chr19,122,META6,GNA15
chr19,122,META6,LOC100996351
chr19,123,META6,INSL3
chr19,123,META6,SNORA68
chr19,123,META6,RPL18A
chr19,123,META6,ARRDC2
chr19,123,META6,IFI30
chr19,123,META6,MPV17L2
chr19,123,META6,LOC102725254
chr19,123,META6,JUND
chr19,123,META6,MIR3188
chr19,123,META6,GDF15
chr19,123,META6,MIR3189
chr19,123,META6,LRRC25
chr19,123,META6,ISYNA1
chr19,123,META6,FKBP8
chr19,123,META6,UBA52
chr19,123,META6,REX1BD
chr19,123,META6,TMEM59L
chr19,123,META6,COMP
chr19,123,META6,HOMER3
chr19,123,META6,HOMER3-AS1
chr19,123,META6,RFXANK
chr19,123,META6,HAPLN4
chr19,123,META6,MIR640
chr19,123,META6,NIBAN3
chr19,123,META6,PGLS
chr19,123,META6,LOC100507551
chr19,123,META6,SLC27A1
chr19,123,META6,UNC13A
chr19,123,META6,FCHO1
chr19,123,META6,MAP1S
chr19,123,META6,B3GNT3
chr19,123,META6,CCDC124
chr19,123,META6,SLC5A5
chr19,123,META6,IL12RB1
chr19,123,META6,PIK3R2
chr19,123,META6,RAB3A
chr19,123,META6,MAST3
chr19,123,META6,LSM4
chr19,123,META6,IQCN
chr19,123,META6,LOC729966
chr19,123,META6,SSBP4
chr19,123,META6,CRLF1
chr19,123,META6,KXD1
chr19,123,META6,KLHL26
chr19,123,META6,UPF1
chr19,123,META6,CERS1
chr19,123,META6,COPE
chr19,123,META6,DDX49
chr19,123,META6,ARMC6
chr19,123,META6,SLC25A42
chr19,123,META6,MEF2B
chr19,123,META6,BORCS8
chr19,123,META6,BORCS8-MEF2B
chr19,123,META6,NCAN
chr19,123,META6,NR2C2AP
chr19,123,META6,MAU2
chr19,123,META6,SUGP1
chr19,123,META6,GATAD2A
chr19,123,META6,COLGALT1
chr19,123,META6,KCNN1
chr19,123,META6,PGPEP1
chr19,123,META6,PDE4C
chr19,123,META6,CRTC1
chr19,123,META6,ELL
chr19,123,META6,SUGP2
chr19,123,META6,TMEM161A
chr19,123,META6,TM6SF2
chr19,123,META6,GDF1
chr19,123,META6,JAK3
chr19,124,META6,THEG5
chr19,124,META6,LINC01782
chr19,124,META6,PDCD5
chr19,124,META6,SNORA68B
chr19,124,META6,RGS9BP
chr19,124,META6,FAAP24
chr19,124,META6,LRP3
chr19,124,META6,CEBPA-DT
chr19,124,META6,CEBPA
chr19,124,META6,CEBPG
chr19,124,META6,LINC01533
chr19,124,META6,LOC400684
chr19,124,META6,DPY19L3
chr19,124,META6,NUDT19
chr19,124,META6,SLC7A9
chr19,124,META6,GPATCH1
chr19,124,META6,SLC7A10
chr19,124,META6,ZNF507
chr19,124,META6,PEPD
chr19,124,META6,TDRD12
chr19,124,META6,ANKRD27
chr19,124,META6,RHPN2
chr19,124,META6,CEP89
chr19,124,META6,WDR88
chr19,125,META6,CARD8-AS1
chr19,125,META6,EMP3
chr19,125,META6,KDELR1
chr19,125,META6,SPACA4
chr19,125,META6,RPL18
chr19,125,META6,DBP
chr19,125,META6,NTN5
chr19,125,META6,LOC105447645
chr19,125,META6,FUT2
chr19,125,META6,MAMSTR
chr19,125,META6,FUT1
chr19,125,META6,FGF21
chr19,125,META6,NUCB1-AS1
chr19,125,META6,FTL
chr19,125,META6,MIR6798
chr19,125,META6,LOC101059948
chr19,125,META6,LHB
chr19,125,META6,CGB1
chr19,125,META6,CGB3
chr19,125,META6,SNAR-G2
chr19,125,META6,SNAR-G1
chr19,125,META6,CGB2
chr19,125,META6,CGB5
chr19,125,META6,CGB8
chr19,125,META6,NTF4
chr19,125,META6,CGB7
chr19,125,META6,C19orf73
chr19,125,META6,LIN7B
chr19,125,META6,MIR4324
chr19,125,META6,CD37
chr19,125,META6,PTH2
chr19,125,META6,GFY
chr19,125,META6,RPL13A
chr19,125,META6,SNORD32A
chr19,125,META6,SNORD33
chr19,125,META6,SNORD34
chr19,125,META6,SNORD35A
chr19,125,META6,MIR150
chr19,125,META6,SNORD35B
chr19,125,META6,RPS11
chr19,125,META6,FCGRT
chr19,125,META6,PRRG2
chr19,125,META6,RRAS
chr19,125,META6,BCL2L12
chr19,125,META6,MIR5088
chr19,125,META6,ADM5
chr19,125,META6,PRMT1
chr19,125,META6,MIR6799
chr19,125,META6,MIR6800
chr19,125,META6,MIR4749
chr19,125,META6,PNKP
chr19,125,META6,MIR4750
chr19,125,META6,TBC1D17
chr19,125,META6,IL4I1
chr19,125,META6,ATF5
chr19,125,META6,MIR4751
chr19,125,META6,SNAR-A3
chr19,125,META6,SNAR-A4
chr19,125,META6,SNAR-A5
chr19,125,META6,SNAR-A7
chr19,125,META6,SNAR-A11
chr19,125,META6,SNAR-A9
chr19,125,META6,SNAR-A6
chr19,125,META6,SNAR-A8
chr19,125,META6,SNAR-A10
chr19,125,META6,SNAR-A14
chr19,125,META6,SNAR-B2
chr19,125,META6,SNAR-B1
chr19,125,META6,SNAR-D
chr19,125,META6,LIG1
chr19,125,META6,ZSWIM9
chr19,125,META6,ZNF114
chr19,125,META6,TMEM143
chr19,125,META6,CCDC114
chr19,125,META6,CARD8
chr19,125,META6,GRWD1
chr19,125,META6,KCNJ14
chr19,125,META6,GRIN2D
chr19,125,META6,CYTH2
chr19,125,META6,SULT2B1
chr19,125,META6,FAM83E
chr19,125,META6,IZUMO1
chr19,125,META6,SEC1P
chr19,125,META6,CA11
chr19,125,META6,RASIP1
chr19,125,META6,PLEKHA4
chr19,125,META6,BCAT2
chr19,125,META6,HSD17B14
chr19,125,META6,PPP1R15A
chr19,125,META6,RUVBL2
chr19,125,META6,GYS1
chr19,125,META6,BAX
chr19,125,META6,DHDH
chr19,125,META6,NUCB1
chr19,125,META6,SNRNP70
chr19,125,META6,KCNA7
chr19,125,META6,PPFIA3
chr19,125,META6,TRPM4
chr19,125,META6,DKKL1
chr19,125,META6,TEAD2
chr19,125,META6,SLC6A16
chr19,125,META6,LOC101928295
chr19,125,META6,ALDH16A1
chr19,125,META6,SLC17A7
chr19,125,META6,FLT3LG
chr19,125,META6,RCN3
chr19,125,META6,PIH1D1
chr19,125,META6,NOSIP
chr19,125,META6,IRF3
chr19,125,META6,SCAF1
chr19,125,META6,PRR12
chr19,125,META6,CPT1C
chr19,125,META6,TSKS
chr19,125,META6,AP2A1
chr19,125,META6,PTOV1
chr19,125,META6,AKT1S1
chr19,125,META6,PTOV1-AS1
chr19,125,META6,PTOV1-AS2
chr19,125,META6,NUP62
chr19,125,META6,MED25
chr19,125,META6,SIGLEC16
chr19,125,META6,VRK3
chr19,125,META6,LOC400710
chr19,125,META6,ZNF473
chr19,125,META6,SIGLEC11
chr19,125,META6,SYNGR4
chr19,125,META6,LMTK3
chr19,125,META6,HRC
chr19,125,META6,SPHK2
chr19,125,META6,TULP2
chr19,125,META6,FUZ
chr19,125,META6,KASH5
chr20,126,META6,SNORD119
chr20,126,META6,SNRPB
chr20,126,META6,MIR1292
chr20,126,META6,SNORD86
chr20,126,META6,IDH3B
chr20,126,META6,SNORA51
chr20,126,META6,SNORD56
chr20,126,META6,SNORD57
chr20,126,META6,SNORD110
chr20,126,META6,CPXM1
chr20,126,META6,C20orf141
chr20,126,META6,PCED1A
chr20,126,META6,GNRH2
chr20,126,META6,OXT
chr20,126,META6,AVP
chr20,126,META6,FASTKD5
chr20,126,META6,LZTS3
chr20,126,META6,GFRA4
chr20,126,META6,C20orf27
chr20,126,META6,SPEF1
chr20,126,META6,LINC01730
chr20,126,META6,AP5S1
chr20,126,META6,MIR103B2
chr20,126,META6,MIR103A2
chr20,126,META6,LOC388780
chr20,126,META6,TGM3
chr20,126,META6,TGM6
chr20,126,META6,ZNF343
chr20,126,META6,NOP56
chr20,126,META6,VPS16
chr20,126,META6,TMEM239
chr20,126,META6,MRPS26
chr20,126,META6,SLC4A11
chr20,126,META6,ITPA
chr20,126,META6,DDRGK1
chr20,126,META6,SIGLEC1
chr20,126,META6,HSPA12B
chr20,126,META6,CENPB
chr20,126,META6,PANK2
chr20,126,META6,MAVS
chr20,126,META6,SMOX
chr20,126,META6,EBF4
chr20,126,META6,PTPRA
chr20,126,META6,TMC2
chr20,126,META6,RNF24
chr20,126,META6,ATRN
chr20,126,META6,CDC25B
chr20,126,META6,C20orf194
chr20,126,META6,ADAM33
chr20,126,META6,UBOX5
chr20,126,META6,UBOX5-AS1
chr20,127,META6,PCNA
chr20,127,META6,PCNA-AS1
chr20,127,META6,LINC00654
chr20,127,META6,LINC01729
chr20,127,META6,BMP2
chr20,127,META6,CDS2
chr20,127,META6,PROKR2
chr20,127,META6,LINC00658
chr20,127,META6,LOC643406
chr20,127,META6,GPCPD1
chr20,127,META6,TRMT6
chr20,127,META6,CHGB
chr20,127,META6,MCM8
chr20,127,META6,MCM8-AS1
chr20,127,META6,FERMT1
chr20,127,META6,LRRN4
chr20,127,META6,CASC20
chr20,127,META6,LINC01713
chr20,127,META6,TMEM230
chr20,127,META6,SLC23A2
chr20,127,META6,SHLD1
chr20,127,META6,CRLS1
chr20,128,META6,DEFB115
chr20,128,META6,DEFB116
chr20,128,META6,DEFB118
chr20,128,META6,DEFB119
chr20,128,META6,DEFB121
chr20,128,META6,DEFB124
chr20,128,META6,REM1
chr20,128,META6,LINC00028
chr20,128,META6,ID1
chr20,128,META6,MIR3193
chr20,128,META6,COX4I2
chr20,128,META6,ABALON
chr20,128,META6,FOXS1
chr20,128,META6,TSPY26P
chr20,128,META6,MIR1825
chr20,128,META6,LOC101929698
chr20,128,META6,DEFB123
chr20,128,META6,DEFB122
chr20,128,META6,HM13-AS1
chr20,128,META6,HM13
chr20,128,META6,MYLK2
chr20,128,META6,TPX2
chr20,128,META6,TTLL9
chr20,128,META6,DUSP15
chr20,128,META6,PDRG1
chr20,128,META6,HCK
chr20,128,META6,CCM2L
chr20,128,META6,POFUT1
chr20,128,META6,PLAGL2
chr20,128,META6,ASXL1
chr20,128,META6,KIF3B
chr20,128,META6,NOL4L
chr20,128,META6,NOL4L-DT
chr20,128,META6,COMMD7
chr20,128,META6,DNMT3B
chr20,128,META6,BCL2L1
chr20,128,META6,TM9SF4
chr20,128,META6,XKR7
chr20,128,META6,C20orf203
chr20,129,META6,MIR12122
chr20,129,META6,TRERNA1
chr20,129,META6,LINC01273
chr20,129,META6,CEBPB
chr20,129,META6,CEBPB-AS1
chr20,129,META6,PELATON
chr20,129,META6,MIR645
chr20,129,META6,MIR1302-5
chr20,129,META6,MOCS3
chr20,129,META6,MIR3194
chr20,129,META6,SPATA2
chr20,129,META6,SLC9A8
chr20,129,META6,LOC105372653
chr20,129,META6,SNAI1
chr20,129,META6,UBE2V1
chr20,129,META6,PEDS1
chr20,129,META6,PEDS1-UBE2V1
chr20,129,META6,LINC01270
chr20,129,META6,LINC01271
chr20,129,META6,PTPN1
chr20,129,META6,RIPOR3-AS1
chr20,129,META6,PARD6B
chr20,129,META6,ADNP
chr20,129,META6,DPM1
chr20,129,META6,ADNP-AS1
chr20,129,META6,KCNG1
chr20,129,META6,PTGIS
chr20,129,META6,B4GALT5
chr20,129,META6,RNF114
chr20,129,META6,BCAS4
chr20,129,META6,RIPOR3
chr20,129,META6,NFATC2
chr21,130,META6,PIGP
chr21,130,META6,DSCR9
chr21,130,META6,CLDN14
chr21,130,META6,RIPPLY3
chr21,130,META6,TTC3-AS1
chr21,130,META6,DSCR4
chr21,130,META6,DSCR10
chr21,130,META6,LINC01423
chr21,130,META6,VPS26C
chr21,130,META6,DYRK1A
chr21,130,META6,TTC3
chr21,130,META6,HLCS
chr21,130,META6,DSCR8
chr21,130,META6,KCNJ15
chr21,130,META6,ERG
chr21,130,META6,KCNJ6
chr21,130,META6,SIM2
chr21,131,META6,B3GALT5-AS1
chr21,131,META6,MIR4760
chr21,131,META6,DSCAM-AS1
chr21,131,META6,DSCAM-IT1
chr21,131,META6,LINC00323
chr21,131,META6,MIR3197
chr21,131,META6,PLAC4
chr21,131,META6,B3GALT5
chr21,131,META6,IGSF5
chr21,131,META6,PCP4
chr21,131,META6,BACE2
chr21,131,META6,FAM3B
chr21,131,META6,MX2
chr21,131,META6,MX1
chr21,131,META6,TMPRSS2
chr21,131,META6,DSCAM
chr21,132,META6,LINC00112
chr21,132,META6,MIR6814
chr21,132,META6,SNORA91
chr21,132,META6,ZNF295-AS1
chr21,132,META6,TFF3
chr21,132,META6,TFF2
chr21,132,META6,TFF1
chr21,132,META6,LOC101930094
chr21,132,META6,ERVH48-1
chr21,132,META6,MIR5692B
chr21,132,META6,FRGCA
chr21,132,META6,LOC106780825
chr21,132,META6,BACE2
chr21,132,META6,FAM3B
chr21,132,META6,MX2
chr21,132,META6,MX1
chr21,132,META6,TMPRSS2
chr21,132,META6,PCSEAT
chr21,132,META6,RIPK4
chr21,132,META6,LINC00479
chr21,132,META6,C2CD2
chr21,132,META6,ZBTB21
chr21,132,META6,UMODL1-AS1
chr21,132,META6,ABCG1
chr21,132,META6,TMPRSS3
chr21,132,META6,UBASH3A
chr21,132,META6,RSPH1
chr21,132,META6,SLC37A1
chr21,132,META6,LINC01671
chr21,132,META6,LINC01668
chr21,132,META6,NDUFV3
chr21,132,META6,CBSL
chr21,132,META6,CBS
chr21,132,META6,U2AF1
chr21,132,META6,U2AF1L5
chr21,132,META6,CRYAA2
chr21,132,META6,CRYAA
chr21,132,META6,PRDM15
chr21,132,META6,LINC00111
chr21,132,META6,PDE9A
chr21,132,META6,UMODL1
chr21,132,META6,WDR4
chr21,132,META6,PKNOX1
chr21,133,META6,H2BS1
chr21,133,META6,MIR6070
chr21,133,META6,CSTB
chr21,133,META6,LINC01678
chr21,133,META6,DNMT3L-AS1
chr21,133,META6,LRRC3
chr21,133,META6,LRRC3-DT
chr21,133,META6,LINC02575
chr21,133,META6,TSPEAR-AS2
chr21,133,META6,KRTAP10-1
chr21,133,META6,KRTAP10-2
chr21,133,META6,KRTAP10-3
chr21,133,META6,KRTAP10-5
chr21,133,META6,KRTAP10-4
chr21,133,META6,KRTAP10-6
chr21,133,META6,KRTAP10-8
chr21,133,META6,KRTAP10-7
chr21,133,META6,KRTAP10-9
chr21,133,META6,KRTAP10-10
chr21,133,META6,KRTAP12-4
chr21,133,META6,KRTAP12-3
chr21,133,META6,KRTAP10-11
chr21,133,META6,KRTAP12-2
chr21,133,META6,KRTAP12-1
chr21,133,META6,KRTAP10-12
chr21,133,META6,LINC01424
chr21,133,META6,LINC01547
chr21,133,META6,PICSAR
chr21,133,META6,POFUT2
chr21,133,META6,LINC00205
chr21,133,META6,LINC00316
chr21,133,META6,SIK1B
chr21,133,META6,SIK1
chr21,133,META6,LINC01669
chr21,133,META6,LINC00313
chr21,133,META6,LINC00319
chr21,133,META6,PDXK
chr21,133,META6,RRP1B
chr21,133,META6,RRP1
chr21,133,META6,AATBC
chr21,133,META6,AGPAT3
chr21,133,META6,GATD3A
chr21,133,META6,LOC102724159
chr21,133,META6,GATD3B
chr21,133,META6,PWP2
chr21,133,META6,TRAPPC10
chr21,133,META6,DNMT3L
chr21,133,META6,AIRE
chr21,133,META6,ICOSLG
chr21,133,META6,LOC102723996
chr21,133,META6,CFAP410
chr21,133,META6,TRPM2-AS
chr21,133,META6,TSPEAR-AS1
chr21,133,META6,SUMO3
chr21,133,META6,UBE2G2
chr21,133,META6,ITGB2-AS1
chr21,133,META6,PTTG1IP
chr21,133,META6,ITGB2
chr21,133,META6,SSR4P1
chr21,133,META6,LINC00163
chr21,133,META6,LINC00334
chr21,133,META6,HSF2BP
chr21,133,META6,FAM207A
chr21,133,META6,TRPM2
chr21,133,META6,PFKL
chr21,133,META6,TSPEAR
chr21,133,META6,ADARB1
chr21,134,META6,DNMT3L-AS1
chr21,134,META6,LRRC3
chr21,134,META6,LRRC3-DT
chr21,134,META6,LINC02575
chr21,134,META6,TSPEAR-AS2
chr21,134,META6,KRTAP10-1
chr21,134,META6,KRTAP10-2
chr21,134,META6,KRTAP10-3
chr21,134,META6,KRTAP10-5
chr21,134,META6,KRTAP10-4
chr21,134,META6,KRTAP10-6
chr21,134,META6,KRTAP10-8
chr21,134,META6,KRTAP10-7
chr21,134,META6,KRTAP10-9
chr21,134,META6,KRTAP10-10
chr21,134,META6,KRTAP12-4
chr21,134,META6,KRTAP12-3
chr21,134,META6,KRTAP10-11
chr21,134,META6,KRTAP12-2
chr21,134,META6,KRTAP12-1
chr21,134,META6,KRTAP10-12
chr21,134,META6,LINC01424
chr21,134,META6,LINC01547
chr21,134,META6,PICSAR
chr21,134,META6,POFUT2
chr21,134,META6,LINC00205
chr21,134,META6,LINC00316
chr21,134,META6,COL18A1-AS2
chr21,134,META6,COL18A1-AS1
chr21,134,META6,MIR6815
chr21,134,META6,PCBP3-AS1
chr21,134,META6,FTCD-AS1
chr21,134,META6,DNMT3L
chr21,134,META6,AIRE
chr21,134,META6,ICOSLG
chr21,134,META6,LOC102723996
chr21,134,META6,CFAP410
chr21,134,META6,TRPM2-AS
chr21,134,META6,TSPEAR-AS1
chr21,134,META6,SUMO3
chr21,134,META6,UBE2G2
chr21,134,META6,ITGB2-AS1
chr21,134,META6,PTTG1IP
chr21,134,META6,ITGB2
chr21,134,META6,SSR4P1
chr21,134,META6,LINC00163
chr21,134,META6,LINC00334
chr21,134,META6,SLC19A1
chr21,134,META6,LINC01694
chr21,134,META6,COL6A1
chr21,134,META6,LOC101928796
chr21,134,META6,COL6A2
chr21,134,META6,SPATC1L
chr21,134,META6,FAM207A
chr21,134,META6,TRPM2
chr21,134,META6,PFKL
chr21,134,META6,TSPEAR
chr21,134,META6,PCBP3
chr21,134,META6,COL18A1
chr21,134,META6,ADARB1
chr21,134,META6,FTCD
chr1,1,African,SNORA58B
chr1,1,African,HAX1
chr1,1,African,AQP10
chr1,1,African,UBE2Q1-AS1
chr1,1,African,CHRNB2
chr1,1,African,PBXIP1
chr1,1,African,SHC1
chr1,1,African,MIR4258
chr1,1,African,LOC101928120
chr1,1,African,FLAD1
chr1,1,African,LENEP
chr1,1,African,DCST1-AS1
chr1,1,African,EFNA4
chr1,1,African,EFNA3
chr1,1,African,SLC50A1
chr1,1,African,EFNA1
chr1,1,African,TRIM46
chr1,1,African,MIR92B
chr1,1,African,MTX1
chr1,1,African,SCAMP3
chr1,1,African,PKLR
chr1,1,African,RUSC1
chr1,1,African,MIR555
chr1,1,African,POU5F1P4
chr1,1,African,ASH1L-AS1
chr1,1,African,MSTO1
chr1,1,African,MSTO2P
chr1,1,African,SCARNA26A
chr1,1,African,SCARNA26B
chr1,1,African,SCARNA4
chr1,1,African,SNORA80E
chr1,1,African,MIR6738
chr1,1,African,SSR2
chr1,1,African,RAB25
chr1,1,African,LMNA
chr1,1,African,UBAP2L
chr1,1,African,ATP8B2
chr1,1,African,IL6R
chr1,1,African,SHE
chr1,1,African,ADAR
chr1,1,African,UBE2Q1
chr1,1,African,CKS1B
chr1,1,African,ZBTB7B
chr1,1,African,DCST1
chr1,1,African,PYGO2
chr1,1,African,DCST2
chr1,1,African,KRTCAP2
chr1,1,African,DPM3
chr1,1,African,HCN3
chr1,1,African,THBS3
chr1,1,African,CLK2
chr1,1,African,FAM189B
chr1,1,African,GBA
chr1,1,African,GBAP1
chr1,1,African,YY1AP1
chr1,1,African,RIT1
chr1,1,African,KHDC4
chr1,1,African,RXFP4
chr1,1,African,SYT11
chr1,1,African,LAMTOR2
chr1,1,African,MEX3A
chr1,1,African,UBQLN4
chr1,1,African,SEMA4A
chr1,1,African,SLC25A44
chr1,1,African,KCNN3
chr1,1,African,IL6R-AS1
chr1,1,African,ADAM15
chr1,1,African,PMVK
chr1,1,African,TDRD10
chr1,1,African,GON4L
chr1,1,African,FDPS
chr1,1,African,DAP3
chr1,1,African,ARHGEF2
chr1,1,African,ASH1L
chr1,1,African,RUSC1-AS1
chr1,1,African,MUC1
chr1,1,African,PMF1
chr1,1,African,PMF1-BGLAP
